SUP_NAME;DF_SUP_ID;DF_USD_ID;DP_SUP_ID;NAV_ID;ARI_DF_SUP_ID;ARI_DP_SUP_ID
NA;0;0;0;0;0;0
 ŒÕ—»√Õ¿÷»ﬂ;27089534;27089534;14120281;0;0;0
E12345 ES.MOLECULES ›—“≈–  œ¿–‘ﬁÃ;0;0;14122386;0;0;0
---;28551042;28551042;14323943;0;0;0
A0000006 ¿–’¿Õ√ OOO;0;0;11271174;0;0;0
A00004 ICS;0;0;10902882;0;0;0
A00005 ALFA PLUS;0;0;10902883;0;0;0
A00006 ART-BOOKS OOO;0;0;10902884;0;0;0
A00007 ¿À≈‘ “–≈…ƒ ŒŒŒ;0;0;11372511;0;0;0
A00012 ¿¬¿ÀŒÕ “–≈…ƒ;0;0;11690046;0;0;0
A00111 APC-FOUDS OOO;0;0;10902886;0;0;0
A01000 ALESER 000;0;0;10902887;0;0;0
A014660 ASGHARALI ESTERK;45124181;45124181;16223207;0;0;0
A10015 CAROLINA HERRERA PUIG;10907434;10907434;16157276;0;0;0
A11100 ART-ALYANCE ECO RBL;0;0;10902892;0;0;0
A11114 AVALANCHE;0;0;15205851;0;0;0
A11117 AVIATOR;0;0;15205854;0;0;0
A12000 ¿Ã¿ƒ≈”—;0;0;11450423;0;0;0
A14520 ¿À Œ-Ã»–;0;0;11274573;0;0;0
A32111 AVANTA ELECTRONICS;28593085;28593085;15980835;O_SUP207;0;0
A33000 ARDEN LAGERFELD;0;0;11728840;0;0;0
A33315+ AEROBRIDGE OOO;24612378;24612378;15872568;0;0;0
A45698 ART ALLIANCE LTD;0;0;15963727;0;0;0
A65432 AVTOGRAF;45121100;45121100;16222300;0;0;0
A72508 ¿ﬂ —-œ–≈—— ŒŒŒ;44809367;44809367;16192379;I_SUP010;0;0
A88881 ¿–»¿Ã;0;0;16223492;0;0;0
AD00000 AF_DM;0;0;15929513;0;0;0
AEROFIRST_RBN;0;0;10902895;0;0;0
ARIAL;0;0;16135458;0;0;0
ART BAZAR GR;0;0;15407859;0;0;0
B000005 »“¿À ŒÃ;0;0;10902896;0;0;0
B00001 VASKO RBL;0;0;10902897;0;0;0
B00003 BEVERIDGIS AND TRAIDING;0;0;10902899;0;0;0
B00004 BAZA-4 ZAO;0;0;10902900;0;0;0
B00005 BELLIGEN TD;0;0;10902901;0;0;0
B0005 ¬–≈Ã≈Õ¿ √Œƒ¿ “ƒ;0;0;11168902;0;0;0
B10000 TP BIRNS;0;0;10902903;0;0;0
B10001 BORALEX;0;0;10902904;0;0;0
B10027 ISSEY MIYAKI BPI;10907387;10907387;16222992;0;0;0
B10029 NARCISO RODRIGUES BPI;10908145;10908145;16222990;0;0;0
B54321 BYREDO ESTERK;45123746;45123746;16222849;0;0;0
BB55515 BETTY BARCLAY - ≈ƒ»Õ¿ﬂ ≈¬–Œœ¿;0;0;15054381;0;0;0
BPI;12143104;12143104;16223507;0;0;0
BR75321 BURBERRY BPI;43255913;43255913;16223562;0;0;0
BV10020 BOTTEGA VENETA;0;0;16223608;0;0;0
C00001 COCA-COLA USD;0;0;10902906;0;0;0
C00010 KC FUDS;0;0;10902907;0;0;0
C00012 À»Õ»ﬂ ◊»Õ ”≈ OOO;0;0;10968807;0;0;0
C10000 CASIO 000;0;0;10902908;0;0;0
C15000 CHASPROMTORG ZAO;0;0;10902912;0;0;0
C27565 CHANEL PARFUMS;10907446;10907446;15913684;0;0;0
CA12345 C.AGUILERA - ≈ƒ»Õ¿ﬂ ≈¬–Œœ¿;0;0;14008009;0;0;0
CC00001 CLIVE CHRISTIAN ESTERK;45124180;45124180;16223206;0;0;0
CK11111 CK WATCHES;0;0;13934647;0;0;0
COTY;0;0;16223578;0;0;0
D00001 DENVIEW U.E.;0;0;10902913;0;0;0
D00002 DMITROV-ALKO OOO;0;0;10902914;0;0;0
D10000 ƒ»À¿Õ+ OOO;0;0;11003144;0;0;0
D10001 DENVIEW RBL;0;0;10902916;0;0;0
D10005  ›Õƒ»À¿…Õ ŒŒŒ;0;0;13530515;I_SUP148;0;0
D20030 DOLCE & GABBANA P&G;10922384;10922384;16222253;0;0;0
D50005 DEMOS-APS AOOT;0;0;10902918;0;0;0
D5005005 ƒœ-“–≈…ƒ ŒŒŒ;0;0;11715231;0;0;0
D67890 DAVIDOFF - ≈ƒ»Õ¿ﬂ ≈¬–Œœ¿;0;0;14008011;0;0;0
DE22222 DESIGUAL;45124149;45124149;15981558;0;0;0
DG10067 D&G WATCHES;0;0;11310611;0;0;0
DR5432 DE RIGO;10907358;10907358;16222279;0;0;0
E00001 APOLLO ELECTRONICS;0;0;10902919;0;0;0
E00003 INTERPRODUCT ZAO;0;0;10902921;0;0;0
E00004 ≈¬–¿—≈–¬»— ŒŒŒ;0;0;11163369;0;0;0
E00005 ELECTROCOMPROECT;0;0;10902922;0;0;0
E0002 UVELCOM OOO;0;0;10902924;0;0;0
E10022 ESCADA P&G;10907556;10907556;16222630;0;0;0
E11000 EVRAZIYA OOO;0;0;10902925;0;0;0
E33962 HUGO BOSS PARFUME;0;0;15644008;0;0;0
E33965 LACOSTE P&G;10907255;10907255;16222631;0;0;0
E55555 ESSE DP EURO;0;0;10924931;0;0;0
E77712 ESTER BIJOUX;0;0;15981401;0;0;0
ELIT BAGS GROUP;0;0;16222206;0;0;0
EN12355 ENNS;45120906;45120906;16222258;0;0;0
EN44567 ELECTRONIC NOVELTIES;44153565;44153565;16171437;0;0;0
ES12345 ELIE SAAB;0;0;16223564;0;0;0
ESTEE LAUDER GROUP;12580967;12580967;16223506;O_SUP113;0;0
ESTERK PARFUME;0;0;16222986;0;0;0
EXILITY;44514878;44514878;16165066;0;0;0
F11111 FANAGORIA TRADE HOUSE OOO;0;0;10902929;0;0;0
F11116 FABER CASTELL;0;0;15205853;0;0;0
F3333300 FOLLI FOLLIE WATCHES;0;0;11307070;0;0;0
F55545 FURLA;0;0;12309424;0;0;0
F55556 FOSSIL;0;0;15115888;0;0;0
F87654 FERAUD - ≈ƒ»Õ¿ﬂ ≈¬–Œœ¿;0;0;14425730;0;0;0
FER123 FERRERO;0;0;16222285;0;0;0
G00001 MASTER DISTRIBUTERS;0;0;10902930;0;0;0
G00002 GOLD GRAIL;0;0;10902931;0;0;0
G0001 GROSS OOO;0;0;10902932;0;0;0
G10000 GELEO OOO;0;0;10902933;0;0;0
G11110 MASTER DISTRIBUTERS RBL;0;0;10902934;0;0;0
G11111 GIVENCHY COUTURE RBN;0;0;10902935;0;0;0
G11112 GIVENCHY COUTURE EURO;0;0;10902936;0;0;0
G33322 GENERLUX TRADING S.A. DP;0;0;10902938;0;0;0
GS12334 GWEN STEFANI - ≈ƒ»Õ¿ﬂ ≈¬–Œœ¿;0;0;14165253;0;0;0
H10053 HERMES;0;0;16223502;0;0;0
I00001 AGROS-EKO;0;0;10902939;0;0;0
I00003 COSMOPOLITAN COSMETICS;0;0;10902941;0;0;0
I22222 ISA SPA DP RBN;0;0;10915168;0;0;0
I75666 KORLOFF INTERLUX;44185424;44185424;16152906;0;0;0
I98765 SILLAGE INTERLUX;42520715;42520715;15948027;0;0;0
IMPORT;0;0;16222663;0;0;0
INTERLUX;44185423;44185423;16152905;0;0;0
INTERLUX 2;45125269;45125269;16223617;0;0;0
J00001 JANEKE;0;0;13672184;0;0;0
J20060 JULES DESTROOPER;10907208;10907208;15971592;0;0;0
J22345 JUILETTE HAS A GUN ESTERK;27146387;27146387;16223208;0;0;0
J99999 JSL TRADING AG;28840119;28840119;15601393;O_SUP010;0;0
JR12345 JOHN RICHMOND;0;0;14030217;0;0;0
K00001  –¿—Õ€… Œ “ﬂ¡–‹;0;0;10902944;0;0;0
K00009 KENZO JEW DP EURO;0;0;10902946;0;0;0
K0001 KENZO SILVER;0;0;11852187;0;0;0
K01110 HERMITAGE SKY;0;0;10902947;0;0;0
K10001 HERMITAGE EURO;0;0;10902949;0;0;0
K11111  ¿«”ÃﬂÕ;0;0;10902951;0;0;0
K15973 KEIKO MECHERI INTERLUX;45125117;45125117;16223539;0;0;0
K44455 KOLBER WATCHES;0;0;10902952;0;0;0
K55545 KILIAN ESTERK;45123748;45123748;16222847;0;0;0
K555544 KEEL TOYS;0;0;15481433;0;0;0
K55555  Œ–ŒÕ¿ ŒŒŒ;0;0;13477160;0;0;0
K56999  ¿— ¿ƒ OOO;0;0;11039767;0;0;0
K66666 KONFAEL.JCS;0;0;0;0;0;0
K99999 KENZO JEW DP RBL;0;0;10902953;0;0;0
KM12389 KEIKO MICHERY (À¿ ÿ≈–»);45125409;45125409;16223662;0;0;0
KM22230 KEIKO MECHERI INTERLUX 2;45125274;45125274;16223622;0;0;0
KO15151  ŒÕ»  ŒŒŒ;0;0;14080114;0;0;0
KONIC GR;0;0;15357422;0;0;0
KZ55555 ERCI;0;0;15981417;0;0;0
L'OREAL LUX GROUP;0;0;14877652;0;0;0
L10006 LONGCHAMP;10907509;10907509;16222232;0;0;0
L10019 MARC JACOBS COTY;19259440;19259440;16223588;0;0;0
L11000 À≈Ã¿- Œ– OOO;0;0;11075402;0;0;0
L11111 LONGCHAMP;0;0;10902958;0;0;0
L12222 LINDT;10907318;10907318;15828970;0;0;0
L15808 LANCEL;10907409;10907409;16140707;0;0;0
L25116 LANVIN COUTURE RBN;0;0;11689272;0;0;0
M00000 MAJORICA EURO;0;0;10913918;0;0;0
M00001 MASTER DISTRIBUTION;0;0;10902960;0;0;0
M00002 Ãƒ ;0;0;10902961;0;0;0
M00003 METRO & KERRI;0;0;10902962;0;0;0
M00008 MARKET CONNECTIONS;0;0;11380711;0;0;0
M00010 MARTHEL ZAO;0;0;10902963;0;0;0
M00011 CROCUS;0;0;10902964;0;0;0
M0101010 Ã≈“–Œ  ≈ÿ ›Õƒ  ≈––»;0;0;11410701;0;0;0
M02000 MILLENIUM-2000;0;0;10902965;0;0;0
M03000 MAGISTR BIBENDI OOO;0;0;10902966;0;0;0
M04660 ŒŒŒ Ã»–¿Õ»;45125931;45125931;16223637;0;0;0
M10000 MOBIL-KONSTANT OOO;0;0;10902967;0;0;0
M11000 ÿ¿–Ã OOO;0;0;10912570;0;0;0
M11001 MERKURIY OOO;0;0;10902971;0;0;0
M12300 MAUI JIM SUNGLASSES;0;0;12738343;0;0;0
M20001 ÃŒ¡¿…À ›Õ≈–ƒ∆»;0;0;11002275;0;0;0
M21345 MD GOURMEX LTD;10907578;10907578;11641982;O_SUP556;0;0
M23222 MORGAN & OATES;10923916;10923916;15981670;0;0;0
M57700 MGI LUXURY GROUP S.A.;0;0;15954362;0;0;0
M66666 MAJORICA DP;0;0;10902973;0;0;0
M89765 MORELLATO;0;0;15971536;0;0;0
M98765 MEXX - ≈ƒ»Õ¿ﬂ ≈¬–Œœ¿;0;0;14008127;0;0;0
MA8888 Ã»Õ»”Ã ¿–“  ŒÀÀ;45125188;45125188;16223577;0;0;0
MJ33330 MARC JACOBS - ≈ƒ»Õ¿ﬂ ≈¬–Œœ¿;0;0;14008126;0;0;0
MR32654 MARCEL ROBERT;0;0;16222219;0;0;0
N00001 NOVAYA ZARYA;0;0;10902974;0;0;0
N10001 NATURAL PRODUCTS ZAO;0;0;10902975;0;0;0
N11111 NICLAS AG;0;0;10902976;0;0;0
N11133 Õ¿¡Œ–€ œ¿–‘ﬁÃ≈–»» »  Œ—Ã≈“» »;0;0;12310664;0;0;0
N12345 Õ¿—À≈ƒ»≈;0;0;13053302;0;0;0
N22222 NINA RICCI COUTURE DP RBN;0;0;10909574;0;0;0
NAVI;0;0;15967978;0;0;0
O00001 ARMAGON OOO;0;0;10902977;0;0;0
O10000 Œƒ»Õ÷Œ¬— ¿ﬂ  ŒÕƒ»“≈–— ¿ﬂ ‘¿¡–» ¿ OOO;0;0;11138584;0;0;0
O11000 OST-ALCO;0;0;10902978;0;0;0
O11111 OCEAN+;0;0;10902979;0;0;0
OE5555 «¿Œ Œ–»≈Õ“¿À › —œ–≈——;0;0;16222989;0;0;0
OLD PARFUME;0;0;12266153;0;0;0
OLD_PLU;0;0;15968014;0;0;0
P&G____;0;0;16223607;0;0;0
P000005 ŒŒŒ œ–Œ¬¿Õ—;45124728;45124728;16223407;0;0;0
P01997 LA PRAIRIE;10907524;10907524;16223685;O_SUP158;0;0
P05321 PACO RABANNE PUIG;10907525;10907525;16157273;0;0;0
P10000 PEPSICO HOLDINGS OOO;0;0;10902982;0;0;0
P10000 PRADA PUIG;10907328;10907328;16157277;0;0;0
P10001 PIVNOY DOM;0;0;10902983;0;0;0
P12333 PORTOLANO;0;0;11713782;0;0;0
P12345 POLICE TIME;0;0;10902984;0;0;0
P17001 ORCHID ZAO;0;0;10902985;0;0;0
PARFUME SALE;0;0;15317860;0;0;0
PM12399 PARRIS MONTE CARLO (À¿ ÿ≈–»);0;0;16223663;0;0;0
PM44450 PERRIS MONTE CARLO INTERLUX 2;45125275;45125275;16223623;0;0;0
PR200002 œ–Œ√–≈——-œÀﬁ— ŒŒŒ;0;0;12428766;0;0;0
PUIG;10971322;10971322;16157331;0;0;0
PW55555 POLICE TIME WATCH;0;0;15059512;0;0;0
R00002 –”—¿√–Œ“Œ–√ ÃŒ— ¬¿;0;0;10902987;0;0;0
R10001 RARITET OOO;0;0;10902990;0;0;0
R10010 RAYSTAR OOO;0;0;10902991;0;0;0
R11111 LEKERY OOO;0;0;10902994;0;0;0
R12345 RATTI COLLECTION;0;0;10910007;0;0;0
R25255 –Œ“Œ– ’¿”—;0;0;11696609;0;0;0
R888888 –”—“ »Õ Œ–œŒ–›…“≈ƒ;45120595;45120595;11390230;I_SUP002;0;0
S00001 SOI-2;0;0;10902996;0;0;0
S00002 NIAGARA FUDS;0;0;10902997;0;0;0
S00003 SLIMSITY OOO;0;0;10902998;0;0;0
S00004 —œŒ–“À¿…Õ OOO;0;0;11164767;0;0;0
S01607 SHISEIDO;0;0;16223584;0;0;0
S02000 SHARK-2000;0;0;10903000;0;0;0
S10000 SONYA RYKIEL;10907470;10907470;16223229;0;0;0
S10100 STOLWERCK FAIN CHOCOLATE;0;0;10903004;0;0;0
S10500 ŒŒŒ —¿ — »√–”ÿ »;45123641;45123641;16222994;I_SUP105;0;0
S11111 SILHOUETTE INTERNATIONAL;0;0;10903006;0;0;0
S120000 ALMEIRA OOO;0;0;10903007;0;0;0
S20001 MAGARACH 000;0;0;10903008;0;0;0
S54321 SISLEY;0;0;15968003;0;0;0
S60006 SELDICO FENDI;0;0;15116112;0;0;0
S67891 SHAIKH ESTERK;45124013;45124013;16222987;0;0;0
S88888 SKAGEN;0;0;13672185;0;0;0
S97531 »œ —¿ÃŒƒ”–Œ¬— »…;0;0;16223030;0;0;0
SC15151 SCHLEICH;0;0;15357423;0;0;0
SCORPIO DISTR GROUP;0;0;15205850;0;0;0
SELDICO GROUP;0;0;13978108;0;0;0
SG55510 SILLAGE INTERLUX 2;45125273;45125273;16223621;0;0;0
SHUAR OOO;0;0;10902999;0;0;0
SONYA RYKIEL;45120761;45120761;16223228;0;0;0
SP88820 —“ŒÀ»◊Õ€≈ œŒ—“¿¬ » ŒŒŒ;45124442;45124442;16223343;I_SUP396;0;0
SUPPLIERS 01 (LIQUORS / MINIATURES);0;0;16054718;0;0;0
SUPPLIERS 02 (TOBACCO);0;0;16150362;0;0;0
SUPPLIERS 03 (PERFUMERY & COSMETICS);0;0;16054609;0;0;0
SUPPLIERS 04 (ELECTRONICS);0;0;16054684;0;0;0
SUPPLIERS 05 (FASHION/ACCESSORIES);0;0;16054681;0;0;0
SUPPLIERS 06 (CONFECTIONARY);0;0;16054682;0;0;0
SUPPLIERS 07 (JEWELLERY);0;0;16054713;0;0;0
SUPPLIERS 08 (GLASS / CHINA);0;0;16150363;0;0;0
SUPPLIERS 09 (SOUVENIRS / MUSIC);0;0;16054705;0;0;0
SUPPLIERS 10 (DELICATESSEN);0;0;16150364;0;0;0
SUPPLIERS 11 (SUNGLASSES);0;0;16150365;0;0;0
SUPPLIERS 12 (WATCHES);0;0;16054717;0;0;0
SUPPLIERS 14 (TOYS / TRAVEL);0;0;16054683;0;0;0
SUPPLIERS 17 (»–À¿Õƒ— »… ¡¿–);0;0;16150151;0;0;0
SZ4444 —À¿¬¿ «¿…÷≈¬ À¿ ÿ≈–»;0;0;16223504;0;0;0
T00001 “”–ÕŒ OOO;0;0;10903009;0;0;0
T00003 TRIANON-SERVICE;0;0;10903011;0;0;0
T00005 TOYDICO;0;0;10903012;0;0;0
T00010 Ã¿∆≈—“» -»Ãœ› — ŒŒŒ;0;0;10903013;0;0;0
T10039 TISSOT DP;0;0;10903016;0;0;0
T10045 TRAVEL RETAIL INNOVATIONS;10907232;10907232;15876813;0;0;0
T11000 “–›Õƒ  ŒÀÀ› ÿÕ ŒŒŒ;0;0;10913973;0;0;0
T11115 TIME DESIGN;0;0;15205852;0;0;0
T33223 TEXIER DP EURO;0;0;10903018;0;0;0
T55567 TIMELESS LUXERY PRODUCTS;26048125;26048125;16064637;0;0;0
T7000025 “Œ–√—≈–¬»— ’’I ¬≈  OOO;0;0;11305401;0;0;0
T77715 “Ã’‘ √–”œœ;0;0;15082379;0;0;0
T98765  –≈ÃÀ≈¬— »… “ƒ;0;0;16222223;0;0;0
U00002 ﬁÕ»“Œ…—-Ã OOO;0;0;11116675;0;0;0
U00388 ŒŒŒ ‘»–Ã¿ ”Õ»“–ŒÕ;45123208;45123208;16223410;I_SUP388;0;0
U10000 URVEST OOO;0;0;10903020;0;0;0
U20000 ﬁ¬≈À»–“Œ–√ OOO;0;0;11027029;0;0;0
U99999 U-TOYS;0;0;12067708;0;0;0
V0000004 ¬»Õ› —»Ã ŒŒŒ;0;0;12609408;0;0;0
V00001 VAGR OOO;0;0;10903021;0;0;0
V01000 VK OOO;0;0;10903024;0;0;0
VE2333 VERSUS;42578065;42578065;16143158;0;0;0
VH10001 ¬’ »ÃœŒ–“  ¿Ãœ¿Õ»;0;0;11688590;0;0;0
Y10010 CALVIN KLEIN;0;0;16223579;0;0;0
Y12300 YSL BEAUTY;0;0;11728831;0;0;0
Y12345 ﬂÕ“¿–Õ¿ﬂ √–Œ«ƒ‹ ŒŒŒ;0;0;11446617;0;0;0
Z0000234 —Õ— «≈À≈ÕŒ√–¿ƒ;0;0;11421651;0;0;0
¿›–ŒÃ¿–;0;0;10971588;0;0;0
¡»¡» ŒÃ;0;0;16164141;0;0;0
¬» “Œ–»ﬂ;0;0;16222764;0;0;0
«¿Œ ¿›–Œ‘≈–—“;36919163;36919163;15598539;I_SUP366;0;0
À≈ ŒÕ“;0;0;16222277;0;0;0
Ã16789 ŒŒŒ Ãﬂ√ »… Ã»–;0;0;14125565;0;0;0
Œ¡—»ƒ»¿Õ“;45124631;45124631;16223551;0;0;0
ŒŒŒ À¿ ÿ≈–» ¬Œ–Àƒ;45125408;45125408;16223661;0;0;0
–»ÿ›—;0;0;15233557;0;0;0
—00395 ŒŒŒ —-“–≈…ƒ;45124258;45124258;16223236;0;0;0
—œ≈÷. ŒÕ—»√Õ¿÷»ﬂ;0;0;16222628;0;0;0
—“¿–€≈ œŒ—“¿¬Ÿ» »;0;0;15660793;0;0;0
“¡Õ “¿…Ã - ƒ»—“–»¡”÷»ﬂ;0;0;15946226;0;0;0
“Ã’‘;0;0;15115887;0;0;0
”ƒ¿À≈ÕÕ€… Œ‘»—;0;0;9662694;0;0;0
PR 123366 PREMIER PORTFOLIO;0;0;12489786;0;0;0
AM10001 A.MARTINI –»ÿ›—;0;0;15233565;0;0;0
AE3333 AEGNA;0;0;16222218;0;0;0
AP 12345 AGENT PROVOCATEUR-≈ƒ»Õ¿ﬂ ≈¬–Œœ¿;0;0;15640999;0;0;0
AAT00001 ART ALIANCE TRADING;0;0;16222230;0;0;0
B23456 BALDESSARINI -≈ƒ»Õ¿ﬂ ≈¬–Œœ¿;0;0;14030123;0;0;0
B99999 BIOTHERM SKY;0;0;13672106;0;0;0
B56789 BOBBY BROWN;0;0;15980829;0;0;0
B00002 BONA CONFECTIONARY ZAO;0;0;10902898;0;0;0
B34567 BOSS - ≈ƒ»Õ¿ﬂ ≈¬–Œœ¿;0;0;14008004;0;0;0
B87452 BRIC'S;42521079;42521079;16150193;0;0;0
BR00005 BROSWAY;0;0;15979121;0;0;0
B13578 BVLGARY - ≈ƒ»Õ¿ﬂ ≈¬–Œœ¿;0;0;14008192;0;0;0
CH12345 C.HERRERA - ≈ƒ»Õ¿ﬂ ≈¬–Œœ¿;0;0;14008006;0;0;0
C34678 CALVIN KLEIN - ≈ƒ»Õ¿ﬂ ≈¬–Œœ¿;0;0;14008005;0;0;0
CE32100 CERRUTI - ≈ƒ»Õ¿ﬂ ≈¬–Œœ¿;0;0;15012418;0;0;0
C54320 CHLOE - ≈ƒ»Õ¿ﬂ ≈¬–Œœ¿;0;0;14008007;0;0;0
CO2222 CODELLO;0;0;16145612;0;0;0
—33311 COFFEE BREND DISTRIBUTION;0;0;13527375;0;0;0
CC87654 COMME DES GARCONS ≈ƒ»Õ¿ﬂ ≈¬–Œœ¿;0;0;15582048;0;0;0
C23456 COTY;0;0;15091267;0;0;0
C32165 CURAPROX;0;0;14888364;0;0;0
D35678 D&G - ≈ƒ»Õ¿ﬂ ≈¬–Œœ¿;0;0;14008010;0;0;0
E16100 DELSEY ELIT BAGS;0;0;16064646;0;0;0
DG23456 DOLCE&GABBANA - ≈ƒ»Õ¿ﬂ ≈¬–Œœ¿;0;0;14008124;0;0;0
E34567 ESCADA - ≈ƒ»Õ¿ﬂ ≈¬–Œœ¿;0;0;14030159;0;0;0
E11115 EUROITALIA DP;0;0;13085509;0;0;0
F15666 FERRAGAMO - ≈ƒ»Õ¿ﬂ E¬–Œœ¿;0;0;14008193;0;0;0
F55555 FRUITBERRY - ≈ƒ»Õ¿ﬂ ≈¬–Œœ¿;0;0;15263234;0;0;0
E17100 GIORGIO FEDON & FIGLI SPA;0;0;16222237;0;0;0
E55552 GIULIETTA CAPULETI EXILITY;0;0;16223569;0;0;0
G20304 GUCCI - ≈ƒ»Õ¿ﬂ ≈¬–Œœ¿;0;0;14008125;0;0;0
HD98765 HANSE DISTRIBUTION GMBH;0;0;15481552;0;0;0
AHK111 HELLO KITTY ARIAL;0;0;16223048;0;0;0
HK11111 HELLO KITTY –»ÿ≈—;0;0;15357863;0;0;0
I44444 ICE WATCH;0;0;15103684;0;0;0
I13567 ICEBERG - ≈ƒ»Õ¿ﬂ ≈¬–Œœ¿;0;0;14875506;0;0;0
I33333 INTEL MSK;0;0;16223195;0;0;0
JL22222 JACQUES LEMANS;0;0;15098136;0;0;0
JB00700 JAMES BOND ≈ƒ»Õ¿ﬂ ≈¬–Œœ¿;0;0;15582039;0;0;0
J11154 JUICY COUTURE - ≈ƒ»Õ¿ﬂ ≈¬–Œœ¿;0;0;15439137;0;0;0
K55543 K & K;0;0;16222221;0;0;0
K30013 KIMMI –»ÿ›—;0;0;15233568;0;0;0
K02000 KONDI-2000 OOO;0;0;10902948;0;0;0
LC23456 LACOSTE - ≈ƒ»Õ¿ﬂ ≈¬–Œœ¿;0;0;14008246;0;0;0
E15200 LAMARTHE ELIT BAGS;0;0;16222207;0;0;0
L65655 LANCASTER - ≈ƒ»Õ¿ﬂ ≈¬–Œœ¿;0;0;14116318;0;0;0
L0001 LANCOME DP SKY;0;0;11852186;0;0;0
MA252000 MAMIX;0;0;14050013;0;0;0
C99918 MCG CONSULTANTS;0;0;15401914;0;0;0
E55553 MIMMINA FLOWER EXILITY;0;0;16223570;0;0;0
M10555 MISAKI V.T.LTD;0;0;10902970;0;0;0
M56789 MOSCHINO - ≈ƒ»Õ¿ﬂ ≈¬–Œœ¿;0;0;14008128;0;0;0
NR12345 NINA RICCI - ≈ƒ»Õ¿ﬂ ≈¬–Œœ¿;0;0;14008129;0;0;0
PR23334 PACO RABANNE - ≈ƒ»Õ¿ﬂ ≈¬–Œœ¿;0;0;14008262;0;0;0
P52011 PANASONIC MARKETING CIS OY;0;0;15979893;0;0;0
PA55555 PARKER;0;0;15407860;0;0;0
O10004 PHILIPS DAP DIVISION;10907523;10907523;16222231;0;0;0
P66651 PRADA - ≈ƒ»Õ¿ﬂ ≈¬–Œœ¿;0;0;14382789;0;0;0
PT23456 PT SWITZELAND;0;0;15971533;0;0;0
P88888 PUIG SKY;0;0;15975548;0;0;0
IRISHBAR DP;0;0;10971587;0;0;0
R11133 RICH ¬» “Œ–»ﬂ;0;0;16222765;0;0;0
RC12345 ROBERTO CAVALLI - ≈ƒ»Õ¿ﬂ ≈¬–Œœ¿;0;0;15439549;0;0;0
R99999 ROSALKO-NEVA ZAO;23815698;23815698;13698064;0;0;0
S13579 SAG TRADING LLC;0;0;15964075;0;0;0
SH33333_SCHCHARD&FRIESE;0;0;16223050;0;0;0
S10333 SCORPIO TRAVEL RETAIL;0;0;11450576;0;0;0
S88888 SEEBERGER;0;0;16222282;0;0;0
S50005 SELDICO DIOR;0;0;13978112;0;0;0
S20002 SELDICO GIVENCHY;0;0;13978109;0;0;0
S30003 SELDICO GUERLAIN;0;0;13978110;0;0;0
S40004 SELDICO KENZO;0;0;13978111;0;0;0
S10001 SELDICO OLD;0;0;10903002;0;0;0
S99999 STETSON;0;0;16222281;0;0;0
TK11511 TBN KENNETH COLE;0;0;16223333;0;0;0
TA11511 TBN TIME(AEROWATCH);0;0;15946228;0;0;0
TG11511 TBN TIME(GALLIANO);0;0;15946229;0;0;0
TJ11511 TBN TIME(JOHN GALLIANO);0;0;15946230;0;0;0
T22299 TBN TIME(MOSCHINO);0;0;14115684;0;0;0
TS11511 TBN TIME(SEIKO);0;0;15946227;0;0;0
T76543 TINTAMAR;0;0;14832865;0;0;0
E55546 TORRE EXILITI;0;0;16165067;0;0;0
T4512SK TOSCOW;0;0;15975543;0;0;0
V54321 VALENTINO - ≈ƒ»Õ¿ﬂ ≈¬–Œœ¿;0;0;14344790;0;0;0
V32100 VERSACE - ≈ƒ»Õ¿ﬂ ≈¬–Œœ¿;0;0;14008191;0;0;0
WA55555 WATERMAN;0;0;15407861;0;0;0
W22222 WHTEHOUSE LEISURE LLP;0;0;14867976;0;0;0
AB55555 ¿–“ ¡¿«¿–;0;0;15347108;0;0;0
M33000 ¿—-Ã¿– ≈“;0;0;13441619;0;0;0
A23456 ¿—“-»Õ“≈–Õ›ÿÕÀ OOO;0;0;11269170;I_SUP003;0;0
B55555 ¡≈Õ≈‘»“;0;0;16222627;0;0;0
B1212345 ¡»√ “–›…ƒ ŒŒŒ;0;0;13534474;0;0;0
V37000 ¬¿ÿ≈–ŒÕ “Œ–√Œ¬€… ¿À‹ﬂÕ— ŒŒŒ;0;0;16064642;0;0;0
V55545 ¬≈Õ— »… › —œ–≈——  ¿‘≈;0;0;15953951;0;0;0
SP12345 ¬€¡Œ– OOO;0;0;11418709;0;0;0
E22222 ≈¬–¿«»ﬂ;0;0;16223503;0;0;0
E10000 ≈ƒ»Õ¿ﬂ ≈¬–Œœ¿ ’ŒÀƒ»Õ√;0;0;10912753;I_SUP123;0;0
C11110  Œ ¿- ŒÀ¿ ›…◊¡»—» ≈¬–¿«»ﬂ;0;0;10902911;I_SUP071;0;0
A3400000  ŒÕ—“¿Õ“»ÕŒœŒÀ‹— ¿ﬂ;0;0;12708724;0;0;0
LG00037 À¿ ÿ≈–» √–”œœ;0;0;16223041;0;0;0
KM100000 Ã≈ƒ≈ﬂ;0;0;15601787;0;0;0
M44499 Ã≈–»ƒ»¿Õ “–≈…ƒ»Õ√;0;0;13539670;0;0;0
MIL1234 Ã»À¿–;0;0;15946888;0;0;0
NL654321 Õ≈ —»“ ÀŒ√»—“»  OOO;0;0;16064071;I_SUP369;0;0
OP65433 Œœ“»Ã¿ œÀﬁ—;0;0;16222683;0;0;0
O33456 Œœ“»Ã¿“Œ–√ OOO;0;0;16064069;I_SUP147;0;0
U00001 œŒƒ¿–Œ◊Õ€… “≈ —“»À‹;0;0;10903019;0;0;0
R00368 –≈ — “–≈…ƒ»Õ√ Œ¿Œ;0;0;16064643;0;0;0
C00002 —-2 ‘»–Ã¿ OOO;0;0;11076376;0;0;0
C00005 —¬  “ƒ «¿Œ;0;0;11041678;0;0;0
A75444 —“ŒÀ»◊Õ€… ﬁ¬≈À»–Õ€… «¿¬Œƒ;0;0;16038988;0;0;0
S.A.S. SONIA RYKIEL C. D. M;45124999;45124999;0;0;0;0
A.R.I.;36939811;36939811;0;0;0;0
A.R.I. OLD;10907183;10907183;0;0;0;0
A10012 ALFRED DUNHILL GMBH;10924100;10924100;0;0;0;0
A10016 ALFA-ALYANCE;10924088;10924088;0;0;0;0
A10018 ALFRED DUNHILL P&G;10907286;10907286;0;0;0;0
A10025 ALMAX;10924078;10924078;0;0;0;0
A10044 GLOBAL PROMOTIONAL SE;10907288;10907288;0;0;0;0
A10060 ABSOLUT CO;10907435;10907435;0;0;0;0
A10067 ART ALIANCE;10907241;10907241;0;0;0;0
A10067+ ART ALIANCE PLUS;10907342;10907342;0;0;0;0
A10068+ ART ALIANCE RBN;10907343;10907343;0;0;0;0
A10073 TIGER ELECTRONICS USD;10907546;10907546;0;0;0;0
A10076 ART-BOOKS LTD;10907242;10907242;0;0;0;0
A10076+ ART-BOOKS RBL;14278728;14278728;0;0;0;0
A10080 AMKA OY/AB;10924110;10924110;0;0;0;0
A10096 RUSSIAN SPIRIT GROUP;10907344;10907344;0;0;0;0
A10118 INFIFON B.V.;10907184;10907184;0;0;0;0
A10122 ARI-SHANNON EURO;10907436;10907436;0;0;0;0
A10200 AGROSECO;10924115;10924115;0;0;0;0
A11100 ARCOROS;10907289;10907289;0;0;0;0
A11112 ART-BOOKS;10907345;10907345;0;0;0;0
A12224 FINLANDIA VODKA - BF;10907437;10907437;0;0;0;0
A13970 ARK BELUGA OOO;37248649;37248649;0;0;0;0
A20008 ANTICA MURRINA SKY;10917382;10917382;0;0;0;0
A21234 AST;22341022;22341022;0;0;0;0
A33366 ALKOMIR OOO;10907290;10907290;0;0;0;0
A33880 ALD INT FASHION;10924112;10924112;0;0;0;0
A55516 ARTISAN ESTERK;21453663;21453663;0;0;0;0
A99996 ALMAZJEWELIR EXPORT;10924080;10924080;0;0;0;0
AB1111+ ABBYY;15182376;15182376;0;0;0;0
AEROFIRST;10924118;10924118;0;0;0;0
AEROMAR;10924082;10924082;0;0;0;0
AEROMAR_RBN;10907439;10907439;0;0;0;0
AL45115 ALOKOZAY F2E;10931266;10931266;0;0;0;0
AL88888 MASTER SERVICE COMPANY;33547545;33547545;0;0;0;0
AS23456 THE ART OF SHAVING;31862246;31862246;0;0;0;0
B10001 BARAKA JEW - GENERLUX;10907346;10907346;0;0;0;0
B10003 BREADWINNERS;10924077;10924077;0;0;0;0
B10018 DEL BURBERRYS;10907347;10907347;0;0;0;0
B10041 BRAUN;10907294;10907294;0;0;0;0
B10055 BARDINET SA;10907348;10907348;0;0;0;0
B10062 BAUME & MERCIER SA;10907244;10907244;0;0;0;0
B10080 BLAVOD DRINKS LTD;10907547;10907547;0;0;0;0
B10081 BORIE-MANOUX WINES;10907388;10907388;0;O_SUP488;0;0
B11111 TORGSERVICE XXI BABAEVSKOE;10907441;10907441;0;I_SUP183;0;0
B11115 BALMAIN WATCH;10907185;10907185;0;0;0;0
B12345 BALMAIN;10907389;10907389;0;0;0;0
B123456 BOLS SP.Z.O.O;23217598;23217598;0;0;0;0
B20100 BARAKA WATCH;10923965;10923965;0;0;0;0
B25600 BEVERAGES & TRADING;10907550;10907550;0;0;0;0
B55533 BOTTEGA;45125360;45125360;0;0;0;0
B55545 BRONCES E.TORTOSA;10907551;10907551;0;0;0;0
B66650 BOUCHERON PBI;22567051;22567051;0;0;0;0
B68701 BACARDI GMBH;11381585;11381585;0;0;0;0
BD12345 BREITLING/DARROW GROUP;10907390;10907390;0;0;0;0
BJ12345 BJ FITZPATRICK & CO;10907245;10907245;0;0;0;0
BV10020 BOTTEGA VENETA COTY;45125243;45125243;0;0;0;0
BV12399 BVLGARY;28479158;28479158;0;0;0;0
C00011 CENTROPEL;10907349;10907349;0;0;0;0
C02376 DAVID CAMPARI;10907350;10907350;0;0;0;0
C100006 CARAN D'ARCHE;10907352;10907352;0;0;0;0
C10002 CARTIER INT YSL PRODUCTS;10924098;10924098;0;0;0;0
C10014 CRABTREE & EVELYN;10907246;10907246;0;0;0;0
C10035 CHATEAU DE COGNAC;10907186;10907186;0;0;0;0
C10036 CLARINS AZZARO;10907297;10907297;0;0;0;0
C10037 CLARINS THIERRY MUGLER;10907187;10907187;0;0;0;0
C10039 CLARINS PORSCHE DESIGN;20842771;20842771;0;0;0;0
C10052 CHANEL SKY;10907553;10907553;0;0;0;0
C10061 CHAMBORD;10923866;10923866;0;0;0;0
C10063 COGNAC FRAPIN;10907554;10907554;0;0;0;0
C10070 COCA-COLA REFRESHMENT;10907490;10907490;0;0;0;0
C10085 CHRONOLUX SA CHOPARD;10907188;10907188;0;0;0;0
C10260 CANON EURO;10907491;10907491;0;0;0;0
C11123 CARRERA WATCHES;10907392;10907392;0;0;0;0
C31803 CHRISTIAN DIOR SKY;10907298;10907298;0;0;0;0
C33343 CASIO ELECTR USD;10907247;10907247;0;0;0;0
C44434 CASIO ELECTR EURO;11072291;11072291;0;0;0;0
C54321 CASIO WATCHES;11062438;11062438;0;0;0;0
C77708 CIRCUS;20723886;20723886;0;0;0;0
C87452 A.T.CROSS LTD;10907448;10907448;0;0;0;0
C99989 CONNECT INT LTD;10907248;10907248;0;0;0;0
CA12345 CORPORATE AGENCIES LIMITED;38464910;38464910;0;0;0;0
CE17332 CENTAUR TRAVEL RETAIL;10907555;10907555;0;0;0;0
CK1234 CALVIN KLEIN WATCHES;10907493;10907493;0;O_SUP101;0;0
CLARINS GROUP;12153978;12153978;0;O_SUP088;0;0
CLINIQUE GROUP;12153976;12153976;0;0;0;0
COTY GROUP;12153979;12153979;0;0;0;0
CS12345 CASIO WATCHES;10907249;10907249;0;0;0;0
D0001 DISTILLERIA BOTTEGA;10907190;10907190;0;0;0;0
D00235 DEBRISE DULAC;26043240;26043240;0;0;0;0
D10026 DOMAINE LAROCHE;10923873;10923873;0;0;0;0
D10029 DURACELL BATTERIES NV;10907449;10907449;0;0;0;0
D10054 V.D BAUWEDE DARROW;10907354;10907354;0;0;0;0
D10055 JEAN MARCEL DARROW GR;10907494;10907494;0;0;0;0
D10056 FIDIA GIOIELLI S.P.A;10907450;10907450;0;0;0;0
D10057 FIORELLA GIOELLI;10907299;10907299;0;0;0;0
D10059 UNOAERRE;10907191;10907191;0;0;0;0
D10150 DARROW GROUP LTD;10907451;10907451;0;0;0;0
D11153 MAGERIT DARROW EURO;10907452;10907452;0;0;0;0
D11157 FIORELLA GIOELLI EURO;10907251;10907251;0;0;0;0
D12321 DUBEY & SCHALDENBRAND;10907252;10907252;0;0;0;0
D12345 DARROW GROUP SUNGL;10924117;10924117;0;0;0;0
D33000 DISPLAY DESIGN COMPANY;23281023;23281023;0;0;0;0
D33333 DNK OOO;10907453;10907453;0;0;0;0
D34567 DOLCE & GABBANA;10907355;10907355;0;0;0;0
D55555 DILAN JSC;10907192;10907192;0;0;0;0
D55570 DRIMLEKS;24814839;24814839;0;0;0;0
D56007 DELSEY;10907454;10907454;0;0;0;0
D65432 DMD GOLD COLLECTION;10907193;10907193;0;0;0;0
D66661 EVRASIA OOO;10907495;10907495;0;0;0;0
D99979 AMBASSADORS CHOICE;10924106;10924106;0;0;0;0
D99980 DRAMBUIE LIQUER CO;10907195;10907195;0;0;0;0
D99989 DUTY FREE SERVICES;10907301;10907301;0;0;0;0
DF0000 DUTY FREE;31966571;31966571;0;0;0;0
DK14775 DKNY WATCHES SKY;10907357;10907357;0;0;0;0
DUTY FREE SHOP - SHANNON;10907197;10907197;0;0;0;0
E10023 ESCADA SKY;10907253;10907253;0;0;0;0
E10038 ETUD UNION OF ARTISTS;10907496;10907496;0;0;0;0
E10050 ESSE;10907497;10907497;0;0;0;0
E11011 ESTERK LUX PARFUME;10907455;10907455;0;0;0;0
E14281 ESPERANTO VIN OOO;25958784;25958784;0;0;0;0
E18515 EUROITALIA SKY;10921244;10921244;0;0;0;0
E25700 ERGODATA;10907498;10907498;0;0;0;0
E33962 HUGO BOSS PARFUMS SKY EURO;10907302;10907302;0;0;0;0
E33967 BALDESSARINI P&G;11012333;11012333;0;0;0;0
E88898 ECTACO;10907198;10907198;0;0;0;0
E88899 ECTACO SKY;10907303;10907303;0;0;0;0
EMBORG EMBORG AO RBN;10907360;10907360;0;0;0;0
EMBORG USD;10907256;10907256;0;0;0;0
ESTERK PARFUM ŒŒŒ;41947843;41947843;0;0;0;0
EUROITALIA;20809920;20809920;0;O_SUP124;0;0
EV16775 EVRASERVIS OOO;11143601;11143601;0;0;0;0
F10017 DEL FASHION FLO LTD;10907393;10907393;0;0;0;0
F11110 FREDERIQUE CONSTANT;10907500;10907500;0;O_SUP219;0;0
F11123 FANAGORIYA TD;10907501;10907501;0;0;0;0
F12222 FOSTERS;10907257;10907257;0;0;0;0
F12345 FOSSIL;10907304;10907304;0;0;0;0
F33312 M.FREY WILLE FASHION;11104974;11104974;0;0;0;0
F88999 FURLA;11012386;11012386;0;0;0;0
FER123 FERRERO TRADING LUX;25873704;25873704;0;O_SUP438;0;0
FF33551 FOLLI-FOLLIE WATCHES;10907394;10907394;0;0;0;0
G10002 GIVENCHY COUTURE EURO;10907502;10907502;0;0;0;0
G10004 DEL GIVENCHY FFR;10923865;10923865;0;0;0;0
G10037 GUYLIAN NV/SA;10907258;10907258;0;0;0;0
G10044 GOLDMAJOR LTD;10907561;10907561;0;0;0;0
G11100 GK GROSS OOO;10907361;10907361;0;0;0;0
G11111+ GALEREYA BLAGOLEPIYA;15106113;15106113;0;0;0;0
G122333 GROSSE JEW SKY;10907306;10907306;0;0;0;0
G19253 GROSSE UK LTD;10907201;10907201;0;0;0;0
G29001 GRADIENT;10969784;10969784;0;0;0;0
G33315 ANNICK GOUTAL ESTERK;21453622;21453622;0;0;0;0
G333666 GOLDKENN;11139624;11139624;0;0;0;0
G55545 GENERLUX TRADING SA;10907259;10907259;0;0;0;0
G73611 W.GRANT & SONS;10907202;10907202;0;0;0;0
G88898 GLENMORANGE;11106590;11106590;0;0;0;0
G93125 GUERLAIN SKY;10907396;10907396;0;0;0;0
G98765 GOURJI ITALY(EURO);35051453;35051453;0;0;0;0
GG12345 GOLDEN GRAIL LTD;10907203;10907203;0;0;0;0
GREATWELL INVESTMENTS LTD;36940093;36940093;0;0;0;0
GU12345 SOCRAFI SERVICES SA;10907362;10907362;0;0;0;0
H10001 HUGO BOSS FASHION SKY;10907260;10907260;0;0;0;0
H10002 HASBRO HUNGARY LTD;10907261;10907261;0;0;0;0
H10018 HARRISON MUSIC IRL;10907307;10907307;0;0;0;0
H10023 HENNESSY COGNAC;10907204;10907204;0;0;0;0
H10027 HERMES FASHION;10907205;10907205;0;0;0;0
H10034 HARRISON VIDEO USD AC;10923892;10923892;0;0;0;0
H10052 HERMES SKY;10922001;10922001;0;0;0;0
H10053 HERMES PARFUMS;10907206;10907206;0;0;0;0
H10055 HARRISON HUNTER;10907308;10907308;0;0;0;0
H10063 HARRISON MUSIC USD;10907456;10907456;0;0;0;0
H10065 HARRISON MUSIC STG;10923851;10923851;0;0;0;0
H10066 DEL MANBOW FINANCE;10907562;10907562;0;0;0;0
H22222 HASLACH GMBH;10907563;10907563;0;0;0;0
H45812 HAMMER+SOHNE;10907564;10907564;0;0;0;0
H50050 T.HILFIGER E.LAUDER;10907363;10907363;0;0;0;0
H99999 ED HARDY;15218200;15218200;0;0;0;0
I10011 IBB;10907364;10907364;0;0;0;0
I10050 IBB UK;10907505;10907505;0;0;0;0
I10099 IRAKLIS KALLISTHENIS;10907397;10907397;0;0;0;0
I10111 ARTIS ORBIC - IRISH D;10907309;10907309;0;0;0;0
I11112 ISA SPA;10907506;10907506;0;0;0;0
I23456 ISF INTERNATIONAL SPIRITUS FORUM GMBH;12608284;12608284;0;0;0;0
I42782 IRISH DRESDEN;10907310;10907310;0;0;0;0
IFD001 IFD LIMITED;22584136;22584136;0;0;0;0
IRISHBAR;10907207;10907207;0;I_SUP192;0;0
J10027 JACOBS SUCHARD DM ACC;10907311;10907311;0;0;0;0
J10029 JANNEAU;10907398;10907398;0;0;0;0
J33456 JSL SPEDITION GMBH;10923361;10923361;0;0;0;0
J44411 JOHN VARVATOS ESTERK;23830921;23830921;0;0;0;0
J78321 JAPAN TOBACCO INT CO;10907565;10907565;0;0;0;0
J88833 JOSE CUERVO;45125361;45125361;0;0;0;0
J99998 MONDELEZ WORLD TRAVEL RETAIL LLC;10907312;10907312;15861659;0;0;0
JF12345 JACQUES FAREL;33687151;33687151;0;0;0;0
JFM PREMIUM PRODUCTS SARL;33274098;33274098;0;0;0;0
JK34211 JACQUES LEMAN WATCHES;10907366;10907366;0;O_SUP221;0;0
JSL SPEDITION;36919351;36919351;0;0;0;0
K KARL LAGERFELD;22575125;22575125;0;0;0;0
K00001 KOALA WINES;10923930;10923930;0;0;0;0
K00002 TRAFALGAR FOODS;10907399;10907399;0;0;0;0
K10000 KASKAD OOO;19155871;19155871;0;0;0;0
K10029 KENZO SKY;10907263;10907263;0;0;0;0
K10030 KAZUMIAN BELGIUM BVBA;10907314;10907314;0;0;0;0
K10047 KASMET SHASTYE;10907458;10907458;0;0;0;0
K11011 KOLBER WATCHES;10907315;10907315;0;0;0;0
K12345 KENZO JEW SKY;10907400;10907400;0;0;0;0
K15300 KONZERN GROUP SOYUZ;10924091;10924091;0;0;0;0
K15300+ KONZERN GROUP SOYUZ;10907209;10907209;0;0;0;0
K20330 KAVALLARIS A LTD;10907567;10907567;0;0;0;0
K23456 N.R.G. KOLOS CORPORATION OOO;21740298;21740298;0;0;0;0
K33355 KORONA OOO;23815605;23815605;0;0;0;0
K34567 K KARL LAGERFELD;22573305;22573305;0;0;0;0
K35818 KAMCHADAL ZAO;21946809;21946809;0;0;0;0
K50050 KONSTANTINOPOLSKAYA;10907367;10907367;0;0;0;0
K55543 K&K;24141551;24141551;0;0;0;0
K55555 KIPLING EUROPE DIVISION;10907401;10907401;0;O_SUP332;0;0
K66666 KONFAEL JCS;10907210;10907210;16223626;0;0;0
K99988 NANSECK KRAUS & CO;10907402;10907402;0;0;0;0
K99996 ODINTSOVSKAYA COND FABRICA;10907568;10907568;0;0;0;0
KL12345 KEEL TOYS;32311264;32311264;0;0;0;0
KO22215 KONIC OOO;26194156;26194156;0;0;0;0
KZ139 KENZO JEW;10907211;10907211;0;0;0;0
KZ6666 KENZO FASHION;11039705;11039705;0;0;0;0
L'OREAL;12143309;12143309;0;O_SUP024;0;0
L00000 ESTEE LAUDER DKNY SKY;10907212;10907212;0;0;0;0
L00002 ESTEE LAUDER CLINIQUE;10907213;10907213;0;0;0;0
L00004 MICHAEL KORS E.LAUDER;10923929;10923929;0;0;0;0
L00005 ARAMIS E.LAUDER;10907403;10907403;0;0;0;0
L00006 MISSONI E.LAUDER;11584055;11584055;0;0;0;0
L02057 ARDEN LAGERFELD;10907265;10907265;0;0;0;0
L02058 ELIZABETH ARDEN SKY;10907404;10907404;0;0;0;0
L10001 LLADRO;10907317;10907317;0;0;0;0
L10003 LANVIN EURO;10907368;10907368;0;0;0;0
L100050 LA POUYADE;10907569;10907569;0;0;0;0
L10007 LONDON PEARL COMPANY;10907510;10907510;0;0;0;0
L10047 LOUIS ROEDERER S.A.;10907214;10907214;0;0;0;0
L11112 LULU GUINNESS SKY;10907216;10907216;0;0;0;0
L11119 LF CONSALTING LTD;10920039;10920039;0;0;0;0
L12000 LIBERTY;10923957;10923957;0;0;0;0
L14808 LANCEL SKY;10907408;10907408;0;0;0;0
L16872 ESTEE LAUDER PARFUME;10907266;10907266;15982202;0;0;0
L16873 ESTEE LAUDER SKY;10907319;10907319;0;0;0;0
L20014 LANCASTER SKY;10907570;10907570;0;0;0;0
L33312 LEXIIM OOO;32095286;32095286;0;0;0;0
L33356 LADOGA;37950582;37950582;0;0;0;0
L40433 LONGINES;10907217;10907217;0;0;0;0
L70583 LIR CHOCS MARY WHITE;10924096;10924096;0;0;0;0
L76543 LANVIN SUNGLASSES;33716588;33716588;0;0;0;0
L88888 GRAND CITY OOO;10924079;10924079;0;0;0;0
LA55516 LAMY-ALD INT;24329398;24329398;0;0;0;0
LES CONTES;40530128;40530128;0;0;0;0
LG3333+ LINIYA-GRAFIK ZAO;20251636;20251636;0;0;0;0
LL1234 LOLITA LEMPICKA ESTERK;24224617;24224617;0;0;0;0
LU124 LUKAS;10907571;10907571;0;0;0;0
LVMH;24207805;24207805;0;0;0;0
LW20005 LOEWE PERFUMES;29202341;29202341;0;0;0;0
M00001 MONT BLANC P&G;10907459;10907459;0;0;0;0
M00056 PRICILLA CHAN;10924083;10924083;0;0;0;0
M10010 MOBILE ENERGY;10940038;10940038;0;0;0;0
M10043 MONT BLANC INT BV;10907460;10907460;0;0;0;0
M10045 MEUKOW FELINE COGNAC;10907321;10907321;0;O_SUP500;0;0
M10049 MARS HOLLAND;10924084;10924084;15900160;0;0;0
M10052 M.BOWMORE SCOTCH WHISKY;10924092;10924092;0;0;0;0
M10066 MS HOLDING AMBER;10924085;10924085;0;0;0;0
M10066+ MS HOLDING PLUS;10924081;10924081;0;0;0;0
M10088 MARNE & CHAMPAGNE DIFFUSION;10924086;10924086;0;O_SUP522;0;0
M10092 MEISER CONSULTANCY;10907574;10907574;0;0;0;0
M10094 MARKET CONNECTION EURO SKY;10924104;10924104;0;0;0;0
M10095 WRIGHT MARKET CONN JEW;10924103;10924103;0;0;0;0
M10097 MOET & CHANDON;10907575;10907575;0;0;0;0
M10980 MAJORICA EURO;10907324;10907324;0;0;0;0
M11100 MARC ROZIER;10907514;10907514;0;0;0;0
M11111 C.I.T.A.;10907515;10907515;0;0;0;0
M11194 MARKET CONNECTION USD SKY;10924105;10924105;0;0;0;0
M11555 MANCERA ESTERK;32455976;32455976;0;0;0;0
M12333 MARCO FANTINI;10970781;10970781;0;0;0;0
M12345 MAJORICA PSTA SKY;10907219;10907219;0;0;0;0
M13579 MDB TE GROUP;10907576;10907576;0;0;0;0
M15360 MANAKAS;10907577;10907577;0;0;0;0
M16789 Ãﬂ√ »… Ã»– OOO;27137465;27137465;0;0;0;0
M33312 AS-MARKET;23768789;23768789;0;0;0;0
M44118 MARCO POLO;10907517;10907517;0;0;0;0
M47777 MILUS WEINER WATCH GROUP;13595690;13595690;0;0;0;0
M51047 MISAKI VT LTD SKY;10907414;10907414;0;0;0;0
M55511 TOBACCO MARKETING MU;19116074;19116074;0;0;0;0
M73579 RAYMOND WEIL WATCHES;10907270;10907270;0;0;0;0
M88888 MAGESTIC IMPEKS OOO;10923966;10923966;0;0;0;0
M99979 MATTEL EUROPA;10907518;10907518;0;0;0;0
M99980 MAJORICA S.A.;10907579;10907579;0;0;0;0
N10002 N.RICCI COUTURE EURO;10907220;10907220;0;0;0;0
N10003 N.RICCI COUTURE FFR;10923906;10923906;0;0;0;0
N10011 SAFILO;10907519;10907519;0;0;0;0
N10020 NUOVA MOKAS SRL;10923864;10923864;0;0;0;0
N10022 N.RICCI SKY;10907520;10907520;0;0;0;0
N10031 NORIKO IRELAND LTD;10907326;10907326;0;0;0;0
N12333+ NASLEDIE;21910627;21910627;0;0;0;0
N12345 NASLEDIE OOO;22422552;22422552;0;0;0;0
N15150 NEMIROFF COMPANY;10907271;10907271;0;0;0;0
N15336 NIKE LLC (RUSSIA);14325868;14325868;0;0;0;0
N34420 NESTLE WORLD TRADE;10907521;10907521;0;0;0;0
NAVI PLU;41947840;41947840;0;0;0;0
NB0001 NOUVELLE BAGUE;36316569;36316569;0;0;0;0
O10001 ORO VITCHENZA;10907522;10907522;0;0;0;0
O10005 CAROLE PLUS GOLDOAK;10907272;10907272;0;0;0;0
O10006 MERAKETECH;10907416;10907416;0;0;0;0
O10096 CLARISONIC PBI;45121114;45121114;0;0;0;0
O20770 OST-ALKO;10907371;10907371;0;0;0;0
O99911 OLD PARFUME;25883873;25883873;0;0;0;0
O99999 OAKLEY;15218729;15218729;0;0;0;0
OX162 OXYGEN SKY;10907327;10907327;0;0;0;0
P&G;12143016;12143016;0;0;0;0
P00555 PEPSI CO;10907372;10907372;0;0;0;0
P05322 PACO RABANNE SKY;10907273;10907273;0;0;0;0
P10001 PREMIER PORTFOLIO EURO SKY;10907462;10907462;0;0;0;0
P10055 VALORA TRADE DENMARK;10907526;10907526;0;0;0;0
P10079 RALPH LAUREN PBI;10907329;10907329;16223582;0;0;0
P10081 PALOMA PICASSO PBI;10907222;10907222;16177698;0;0;0
P10082 GUY LAROCHE PBI;10907417;10907417;0;0;0;0
P10099 HELENA RUBENSTEIN PBI;10907275;10907275;15981229;0;0;0
P10997 LA PRAIRIE SKY;10922057;10922057;0;0;0;0
P11000 POLYOT WATCHES;10907582;10907582;0;0;0;0
P11100 PRADA SKY;10907527;10907527;0;0;0;0
P11111 PORTSELAN;10907583;10907583;0;0;0;0
P11112 PIA PRETOR;10907419;10907419;0;0;0;0
P12345 P.KOASTAS & CIE EVEE;10907464;10907464;0;0;0;0
P14674 L'OREAL PBI SKY;10907585;10907585;0;0;0;0
P15548 CARTIER PARFUME;10907276;10907276;0;0;0;0
P15789 PROGRESS-PLUS OOO;18424894;18424894;0;0;0;0
P17290 GIVENCHY PARFUMS;10907420;10907420;15834392;0;0;0
P17291 GIVENCHY SKY;10907465;10907465;0;0;0;0
P18784 ARDEN LAGERFELD OLD;10923902;10923902;0;0;0;0
P55511 EL PACO;16821329;16821329;0;0;0;0
P98999 ORCHID COMPANY;10907421;10907421;0;0;0;0
P99989 PASCO GMBH;10907224;10907224;0;0;0;0
P99997 PANASONIC C/S;10907467;10907467;0;0;0;0
P99999 PAT SAYS NOW;13034660;13034660;0;0;0;0
PAL ZILERI GROUP;42767489;42767489;0;0;0;0
PC10001 CARTIER WATCHES;10907468;10907468;0;0;0;0
PC10002 CARTIER JEWELLERY;10907225;10907225;0;0;0;0
PD11234 PREMIER DRINK;10907331;10907331;0;0;0;0
PL33515 PORTOLANO GUANTI;10967454;10967454;0;0;0;0
PM 12399 PARRIS MONTE CARLO (À¿ ÿ≈–»);45125410;45125410;0;0;0;0
PR0001 PREMIER PORTFOLIO USD SKY;10907422;10907422;0;0;0;0
PU23888 PUCCI VIVARA/VARIAZIONI/MISS PUCCI;24207678;24207678;0;0;0;0
R00101 ROSA ROSE GOLD;10907226;10907226;0;0;0;0
R10001 RUSAGROTORG MOSCOW;10907529;10907529;0;0;0;0
R10017 ROLNIK PUBLISHERS;10907423;10907423;0;0;0;0
R10024 MARTINI-BACARDI;10907530;10907530;0;0;0;0
R10047+ BIONT LTD RBN;10924126;10924126;0;0;0;0
R10053 REMY MARTIN;10907533;10907533;0;0;0;0
R10058 NIAGARA FOODS;10907534;10907534;0;0;0;0
R10063 RENE CUSACK LTD;10923891;10923891;0;0;0;0
R10068 RONSON INT USD LTD;10907278;10907278;0;0;0;0
R12345 RUSSIAN OSETR;22575112;22575112;0;0;0;0
R12369 RADO WATCHES;10907424;10907424;0;0;0;0
R16900 ITIL (REEMTSMA INT);10907469;10907469;0;0;0;0
R22222 RUSSIAN OSETR - ADYGEYA OOO;23023836;23023836;0;0;0;0
R25255 ROTOR HOUSE;32030767;32030767;0;0;0;0
R55545 ROBERTA DI CAMERINO GENERLUX;10933449;10933449;0;0;0;0
R76234 ROUGIE;10923886;10923886;0;0;0;0
R89732 RUSS BERRIE UK LTD;10907374;10907374;0;0;0;0
S&S5421 SEA & SKY SUPPLY;10907279;10907279;0;0;0;0
S00010 SCHABAK;10907587;10907587;0;0;0;0
S01607 SHISEIDO EUROPE;10907536;10907536;0;O_SUP166;0;0
S03854 COSMOPOLITAN COSMETIC;10907538;10907538;0;0;0;0
S10002 SIBER HEGNER GIVENCHY;10907375;10907375;0;0;0;0
S10012 SOLVAR;10907376;10907376;0;0;0;0
S10067 SHEAFFER;10907227;10907227;0;0;0;0
S10073 ALTADIS;10907588;10907588;0;0;0;0
S10089 SWEET TALK CONFECTION;10907426;10907426;0;0;0;0
S10093 SWISHER INT LTD ARI;10907427;10907427;0;0;0;0
S10113 SENSUS;10907280;10907280;0;0;0;0
S10137 SWATCH GROUP UK;10907282;10907282;0;0;0;0
S10201 STAR CASE;10907333;10907333;0;0;0;0
S10333 SCORPIO SKY EURO;10907378;10907378;0;0;0;0
S11223 SCORPIO SKY USD;10907283;10907283;0;0;0;0
S12345 SNIPE BRANDS;10907334;10907334;0;0;0;0
S15450 SPLVZ OOO;10907380;10907380;0;0;0;0
S20030 SPI SPIRITS CYPRUS;10907335;10907335;0;0;0;0
S30030 STELLA MCCARTNEY PBI;22552919;22552919;0;0;0;0
S55666 SCORPIO PARFUME;28821048;28821048;0;0;0;0
S57279 SOLATREX CITIZEN;10907472;10907472;0;0;0;0
S59555 TECHSOYUZ SONY/KONICA USD;10907229;10907229;0;0;0;0
S70216 OMEGA WATCHES;10907381;10907381;0;0;0;0
S84443 SWAROVSKI SKY;10907336;10907336;0;0;0;0
S99999 SKYSHOP PARF OLD;10907474;10907474;0;0;0;0
SCH123 EUGEN SCHOFER GMBH;10907337;10907337;0;0;0;0
SHISEID0;45123389;45123389;0;0;0;0
ST0000 STEP GROUP OOO;10907475;10907475;0;0;0;0
ST12345 TAMBER SP;10907476;10907476;0;0;0;0
SUPPLIERS 01 (LIQUORS);25344343;25344343;0;0;0;0
SUPPLIERS 05 (FASHION / ACCESSORIES);25344339;25344339;0;0;0;0
SUPPLIERS 09 (SOUVENIRS / MUSIC / BOOK);25344328;25344328;0;0;0;0
SUPPLIERS 14 (TOYS);25344254;25344254;0;0;0;0
SUPPLIERS 16 (TRAVEL);25344255;25344255;0;0;0;0
SUPPLIERS 99 (IRISH BAR);25344253;25344253;0;0;0;0
SUPPLIERS OLD;25258383;25258383;0;0;0;0
SVO1112 SHEREMETEVO PROCESSING OOO;45120571;45120571;0;0;0;0
T10000 TASHIA;10907230;10907230;0;0;0;0
T10044 THOMAS HINE COGNAC;10907231;10907231;0;0;0;0
T10050 TOMS CONFECTIONERY;10923839;10923839;0;0;0;0
T10067 DOLCE & GABBANA WATCH;10907233;10907233;0;0;0;0
T10075 T&T CO;10907477;10907477;0;0;0;0
T12345 TOMAS SABO SILVER;10907429;10907429;0;0;0;0
T20010 TARGUS EUROPE LTD;10907478;10907478;0;0;0;0
T23456 TUMI SKY;10922579;10922579;0;0;0;0
T32759 TEXIER;10907430;10907430;0;0;0;0
T55545 PAUL & SHARK;10907382;10907382;0;0;0;0
T65545 TONUS ŒŒŒ;43255373;43255373;0;0;0;0
T78999 TROIKA;10907234;10907234;0;0;0;0
T81379 TISSOT WATCHES;10907235;10907235;0;0;0;0
T99993 TSANIKIDIS NIDDASTRASSE;10907383;10907383;0;0;0;0
TAG1234 TAG HEUER WATCHES;10907236;10907236;0;0;0;0
TD11757 SWK TD;10907479;10907479;0;0;0;0
TMXF GR;36154933;36154933;0;0;0;0
TR12345 TRAVELTELECOM;10923967;10923967;0;0;0;0
U11111 UNITOYS OOO;11352618;11352618;0;0;0;0
U12222 U.TOYS;15105661;15105661;0;0;0;0
U14222 DIAGEO UDV+BAILEYS;10907338;10907338;0;O_SUP531;0;0
U22211 URENHOLT OOO;21961992;21961992;0;0;0;0
U55555 UNIT;30392527;30392527;0;0;0;0
U86366 UNDERBERG;10907179;10907179;0;0;0;0
V000003 LEIXLIP;10907180;10907180;0;0;0;0
V10003 OCEAN+ TD;10907482;10907482;0;0;0;0
V10013 VAN DYCK BELGIAN CHOC;10923867;10923867;0;0;0;0
V10021 VICTORINOX;10907181;10907181;0;0;0;0
N66656 ◊»—“Œ≈ Õ≈¡Œ;0;0;16222844;I_SUP394;0;0
E10001 › —œŒ—≈–¬»— OOO;0;0;10908930;0;0;0
E20002 › —œŒ“–≈…ƒ ŒŒŒ;0;0;14183052;0;0;0
E25555 ›À»“ ¡›√« (CK);0;0;16223530;I_SUP161;0;0
A00100 ›Ã¡Œ–√;0;0;10971590;0;0;0
B14270 ¡–¿«»— ÀŒ√»—“» ;0;0;16223699;I_SUP406;0;0
V10046 VEUVE CLIQUOT PONSARDIN;10907284;10907284;0;0;0;0
V11011 VAN GILS;10907540;10907540;0;0;0;0
V11111 VREMENA GODA;10907483;10907483;0;0;0;0
V12002 VEL OOO;10907182;10907182;0;0;0;0
V33311 VASCO INT SARL;18399637;18399637;0;0;0;0
V33344 ITALCOM;10907339;10907339;0;0;0;0
V55331 VERBILKI PORCELAIN WORKS;29007930;29007930;0;0;0;0
V58888 VINEXIM OOO;19139930;19139930;0;0;0;0
V777771 VISTTORG OOO;22445833;22445833;0;0;0;0
V87654+ VESTA TRADE;31862360;31862360;0;0;0;0
W10011 WILLIAM LUSTY LTD;10924101;10924101;0;0;0;0
W10031 WALKERS SHORTBREAD;10923889;10923889;0;0;0;0
W10038 WORLDBEST CIGARS;10907543;10907543;0;0;0;0
W10040 HENRY WINTERMAN SIGAR;10907384;10907384;0;0;0;0
W30750 WATERFORD GLASS LTD;10907544;10907544;0;0;0;0
W77777 WEITNAUER DISTRIBUTION LTD;45125374;45125374;0;O_SUP468;0;0
Y10009 MAJORICA SKY;10907340;10907340;0;0;0;0
Y10013 IBB 10907432;10907432;10907432;0;0;0;0
Y10018 REAKAM INC;10923870;10923870;0;0;0;0
Y10023 VALENTINO P&G;10907239;10907239;0;0;0;0
Y66649 YSL SKY;10907433;10907433;0;0;0;0
ZD12345 ZENITH WATCHES;10907484;10907484;0;0;0;0
¬»“¿-¬ «¿Œ;41947844;41947844;0;0;0;0
»«À»ÿ »;10902799;10902799;0;0;0;0
»À‹»Õ¿;44513336;44513336;0;0;0;0
 Œ–Õ≈–€;45120951;45120951;0;0;0;0
Ã»Õ»”Ã;45125193;45125193;0;0;0;0
œ–Œ»«¬Œƒ»“≈À‹;45125000;45125000;0;0;0;0
–Œ——»…— »≈ œŒ—“¿¬Ÿ» »;29784619;29784619;0;0;0;0
›—“≈– œ¿–‘ﬁÃ;21453536;21453536;0;0;0;0
AR10016 AGATHA RUIZ DE LA PRADA PUIG;21046073;21046073;16223624;0;0;0
O45566 AJ ARABIA Œ¡—»ƒ»¿Õ“;45124635;45124635;16223552;0;0;0
AJ00001 AJMAL;45124188;45124188;16223212;0;0;0
A54321 ALLIED BRANDS;22424977;22424977;0;0;0;0
AO12345 ALYSON OLDOINI INTERLUX 2;45125271;45125271;0;0;0;0
A44444+ AMADEUS;12922092;12922092;0;0;0;0
O65321 AMOUAGE Œ¡—»ƒ»¿Õ“;37985082;37985082;16147160;0;0;0
AM11111 ANTHIME MOULEY;43333871;43333871;0;0;0;0
B99911 BAIKAL JSL;45120829;45120829;0;0;0;0
B69870 BALLY SA I VIA INDUSTRIA;43359682;43359682;0;0;0;0
R63835 BAT INTL (ROTHMANS INT);10907332;10907332;0;0;0;0
BE56565 BEGEMOT;45120899;45120899;0;0;0;0
B33333 BELVEDERE;28366568;28366568;0;0;0;0
B51551 BISQUIT COGNAC;30663658;30663658;0;O_SUP492;0;0
BS55545 BODY SHOP;43252561;43252561;16222668;0;0;0
B95137 BRACCIALINI;42521050;42521050;0;0;0;0
B10044 BROWN FORMAN BEVERAGE;10907440;10907440;0;O_SUP485;0;0
Y10010 CALVIN KLEIN UNILEVER COTY;10907285;10907285;0;0;0;0
C05723 CAMUS INTERNATIONAL;10907391;10907391;0;O_SUP496;0;0
C10023 CARRERA JEWELLERY;10907488;10907488;0;O_SUP215;0;0
C10031 CARTIER INT FASHION;10907552;10907552;0;I_SUP171;0;0
C96385 CEDC;42829327;42829327;0;0;0;0
C55555 CELLCOSMET & CELLMEN;31846685;31846685;0;0;0;0
L10055 CHAMPAGNE LAUREN PERRIER;10907215;10907215;0;0;0;0
CK11111 CK WATCH & JEW CO;20820656;20820656;0;0;0;0
C10032 CLARINS SWAROVSKI;28413105;28413105;0;0;0;0
C10020 CLINIQUE E.LAUDER;10907445;10907445;0;0;0;0
—76123 CLOUDZ TRAVEL ACCESSORIES;45121166;45121166;16222284;0;0;0
C11223 COCCINELLE;45124331;45124331;0;0;0;0
CO78404 COCOROSE;37872437;37872437;0;0;0;0
A25555 CONSTELLATIONS BRANDS SCHENLEY INC;28142960;28142960;0;0;0;0
CM00006 CREME DE LA MER E.LAUDER;25775436;25775436;0;0;0;0
C10300 CRISTALL-LEFORTOVO OOO;30320649;30320649;0;0;0;0
D50010 D&G P&G;24892618;24892618;0;0;0;0
P10095 DIESEL PBI;12560437;12560437;0;0;0;0
D30030 DOLCE & GABBANA MAKE-UP P&G;45123004;45123004;0;0;0;0
L00001 DONNA KARAN E.LAUDER;10907316;10907316;0;0;0;0
DU55545 DUC D`O;45123194;45123194;0;0;0;0
DK33331 DYRBERG KERN;45123595;45123595;15981228;0;0;0
E86421 EASTPAK;33678924;33678924;0;0;0;0
E03033 EDOX;32653273;32653273;16080150;0;0;0
ES12345 ELIE SAAB BPI;28431636;28431636;0;0;0;0
E73621 ESCADA WATCHES;42750498;42750498;0;0;0;0
FB11123 F.BOCLET INTERLUX 2;45125270;45125270;0;0;0;0
FP11111 F.PARTNERS OOO;34335099;34335099;0;0;0;0
F66321 FAZER BRANDS INTERNATIONAL;45120563;45120563;0;0;0;0
FE1234 FENDI SILK SA;14416973;14416973;0;0;0;0
FO45678 FOSSIL;36154934;36154934;0;0;0;0
G55551 GANCIA;42565904;42565904;0;0;0;0
GS12345 GOLDEN SPIRIT SA;39810224;39810224;0;0;0;0
G54321 GOURJI (RUB);26082124;26082124;0;0;0;0
AD12468 GREENFIELD INTERVEST LTD;42565954;42565954;0;0;0;0
G59870 GUCCI;42828643;42828643;0;0;0;0
H1234 HERMANN JOERSS;18537636;18537636;0;O_SUP510;0;0
E33961 HUGO BOSS P&G;10907254;10907254;0;0;0;0
I55588 IAN MACLEOD DISTILLERS LTD;32456993;32456993;0;0;0;0
V00112_ IMMAGINE S.R.L (VERSACE);15452243;15452243;0;0;0;0
J10142 JAGERMEISTER;43914265;43914265;0;0;0;0
J00007 JAMES BOND P&G;42793944;42793944;0;0;0;0
J52222 JANEKE;24722453;24722453;0;0;0;0
B10028 JEAN PAUL GAUTIER BPI;10907293;10907293;0;0;0;0
S35353 JFM HELLO KITTY;32634464;32634464;0;0;0;0
JV55555 JFM VICTORINOX;33274118;33274118;0;0;0;0
A20033 JOHN RICHMOND EUROITALIA;28446164;28446164;0;0;0;0
JL11115 JUDITH LEIBER ESTERK;36594517;36594517;0;0;0;0
J12345 JUPITER OOO;23738398;23738398;0;0;0;0
K65432 KAGANSKI & CO GMBH;37442640;37442640;0;O_SUP514;0;0
K56999 KASKAD LOGISTIC;26205725;26205725;0;0;0;0
K54321 KIEHL'S PBI;26182997;26182997;0;0;0;0
KI12345 KINSKI ESTERK;37509375;37509375;0;0;0;0
KF33315 KORLOFF INTERLUX 2;45125272;45125272;162236620;0;0;0
M54789 LA MARQUISE;34274819;34274819;0;0;0;0
LA33312 LAMARTIS;45120901;45120901;0;0;0;0
L10014 LANCASTER COTY;25616944;25616944;0;0;0;0
L99908 LANCEL BOUTIQUE;30771147;30771147;0;0;0;0
A77332 L'ATELIER;45121220;45121220;0;0;0;0
L44115 LAVIANA ART LIMITED;43147037;43147037;0;0;0;0
L99999 LES COPAINS (BVM);22245319;22245319;0;0;0;0
L17000 LIFETRONS;45121260;45121260;15975634;0;0;0
MT12345 MAGIC TEXTILE TRADING LTD;39279514;39279514;0;0;0;0
M87654 MAISON MARTIN MARGIELA PBI;37221726;37221726;0;0;0;0
M88899 MARCHON UK LTD;10923909;10923909;0;0;0;0
M99945 MARKA;44667433;44667433;0;0;0;0
M22223 MARUSYA BEVER RUSS OOO;25951767;25951767;0;0;0;0
E55547 MASQUE EXILITY;44514880;44514880;16165068;0;0;0
M99999 MAUI JIM SUNGLASSES;13641521;13641521;0;0;0;0
M55555 MAV;40529713;40529713;0;0;0;0
M12456 MEDVED TD OOO;40267364;40267364;0;0;0;0
M75321 MEIRA T;42567702;42567702;0;0;0;0
MHCS001 MHCS-SERVICE CLIENT&OPERATIONS LOGISTQUES;22297157;22297157;0;0;0;0
M20002 MONTBLANC SIMPLO GMBH;10907269;10907269;0;0;0;0
N55555 NAT OOO;32300083;32300083;0;0;0;0
A12345 OOO AUGUST GROUP;45124718;45124718;11254622;0;0;0
E12468 ESTERK;25843088;25843088;16223481;0;0;0
BIK1113 OOO BIK;45124232;45124232;16223339;0;0;0
D12329 OOO √  ƒ¿…ÃŒÕƒ;43267543;43267543;0;0;0;0
L10020 OPI COTY;38035218;38035218;0;0;0;0
OV55550 OVERSEAS;45124213;45124213;0;0;0;0
P85858 PAL ZILERI;16332029;16332029;0;0;0;0
P65656 PAL ZILERI LAB;45120830;45120830;0;0;0;0
P99988 PATRON SPIRIT COMPANY;16584038;16584038;0;0;0;0
E55551 PECCATO EXILITY;45120567;45120567;16222203;0;0;0
P97531 PERRIS MONTE CARLO INTERLUX;45125116;45125116;16223541;0;0;0
PI99999 PIANEGONDA;12336953;12336953;0;0;0;0
P87654 POLICE TIME WATCHES;29316730;29316730;0;0;0;0
P11115 PORTOLANO;14919314;14919314;0;0;0;0
P77721 PRINCIPE;42767493;42767493;0;0;0;0
E55545 RAMON MOLVIZAR EXILITY;40173724;40173724;15855616;0;0;0
C69999 RASKAT TD;35299122;35299122;0;0;0;0
E10051 RATTI;10907359;10907359;0;0;0;0
RB7777 ROBERTO BRAVO;44909073;44909073;0;0;0;0
E55548 ROSE & CO EXILITY;44514881;44514881;16165069;0;0;0
O86421 RSG TRADING LLP;45122971;45122971;0;0;0;0
R55531 RUSSIAN CAVIAR HOUSE;30535632;30535632;0;0;0;0
S03853 SCANNON / GUCCI P&G;10907425;10907425;16223232;0;0;0
SF25836 SCUDERIA FERRARI;42567736;42567736;16222266;0;0;0
S60017 SERGE LUTENS SHISEIDO;43209096;43209096;0;0;0;0
E55549 SEVIGNE EXILITY;44514882;44514882;16165070;0;0;0
M55545 SIA MONO;40062409;40062409;0;0;0;0
SI1234 SISLEY;20248912;20248912;0;0;0;0
SK55511 SKAGEN;42567128;42567128;0;0;0;0
SB23333 SONYA BY;45120762;45120762;0;0;0;0
S10116 ST.DUPONT;10907428;10907428;0;0;0;0
ST65545 STROCHKOV IP;43255349;43255349;0;0;0;0
SM12345 SWISS MILITARY - HANOWA;30337724;30337724;0;O_SUP236;0;0
TD1175+ SWK;12978513;12978513;0;0;0;0
TH76543 T.HILFIGER WATCHES;42567748;42567748;0;0;0;0
O55533 TDK (ORO GOLD);45125285;45125285;16223627;0;0;0
TM77717 TECHNOMARINE;26195164;26195164;15880368;0;0;0
T87654 TMXF OOO;22606740;22606740;0;0;0;0
T05555 TOCHKA OPORY+;28821448;28821448;0;0;0;0
L00007 TOM FORD BEAUTY E.LAUDER;20257031;20257031;0;0;0;0
T01015 TOM FORD PRIVATE BLENDS E.LAUDER;26043347;26043347;0;0;0;0
T54321 TOVARITCH;43562369;43562369;0;0;0;0
T66633 TUMI;42522400;42522400;0;0;0;0
V11112 VERSACE ESCALE HOLDING LTD;14051117;14051117;0;0;0;0
W10022 WBDF_ABSOLUT_HIBBERTS_OLD;16896563;16896563;0;0;0;0
W10018 WBDF_CHIVAS BROTHERS LTD;10923832;10923832;0;0;0;0
W10021 WBDF_HIBBERTS;10923827;10923827;0;0;0;0
W10019 WBDF_HIBBERTS_WINE_OLD;10923877;10923877;0;0;0;0
W10017 WBDF_IRISH DISTILLERS;10907542;10907542;0;0;0;0
W10020 WBDF_MARTELL_HIBBERTS_OLD;10923838;10923838;0;0;0;0
W87655 WEITNAUER DISTRIBUTION LTD;26195404;26195404;0;0;0;0
K20020 WHYTE & MACKAY;10907264;10907264;0;0;0;0
W55555 WOLFORD;45122135;45122135;0;0;0;0
W10810 WOODYSCOVERY OU;40289496;40289496;0;0;0;0
E55550 X-RAY EXILITY;45120509;45120509;16222195;0;0;0
Y55511 YEREVAN BRANDY COMPANY;25979735;25979735;0;0;0;0
Z40040 ZEGNA E.LAUDER;22552917;22552917;0;0;0;0
V00123 ¬ŒÀ√Œ–≈◊≈Õ— –€¡’Œ«;45125186;45125186;0;0;0;0
I00022 »Ãœ≈–»¿À ŒŒŒ;39846327;39846327;15862053;I_SUP160;0;0
A12600 Ã“  ¿À»—¿ «¿Œ;45121034;45121034;16222265;I_SUP126;0;0
ISUP402 ŒŒŒ œŒ –Œ¬— »… œ–ﬂÕ» ;45125301;45125301;16223632;0;0;0
GC0003 ŒŒŒ »Õ¬≈—“ √≈Œ –≈—”–— (GOLDEN-CANDIES);45124774;45124774;16223409;0;0;0
P234550 œŒ√¿–— ¿ﬂ —»√¿–≈“ÕŒ-—»√¿–Õ¿ﬂ ‘¿¡–» ¿;45123046;45123046;0;0;0;0
ES33315 ›— ‹ﬁ —»√—;45123896;45123896;0;0;0;0
HIBWAY LTD;45124194;45124194;16223268;0;0;0
JSL TRADING;28421445;28421445;14323944;0;0;0
MD GOURMEX LTD;36919341;36919341;15481810;O_SUP525;0;0
YEREVAN BRANDY COMPANY;36919342;36919342;0;0;0;0
P12000 12 PARFUMERS INTERLUX 2;45125473;45125473;16223709;0;0;0
CM00006 CREME DE LA MER;0;0;16223743;0;0;0
M00137 MADARA ¬» “Œ–»ﬂ;0;0;16223781;0;0;0
MF5432 MAX FACTOR -≈ƒ»Õ¿ﬂ ≈¬–Œœ¿;0;0;16223727;0;0;0
MO00672 ATKINSONS;45125704;45125704;16223787;0;0;0
SHISEIDO GR;0;0;16223756;0;0;0
SUPPLIERS 33 (TESTER);0;0;16223766;0;0;0
TE33333 TESTERS;0;0;16223767;0;0;0
V12220 VAN CLEEF;0;0;16223765;0;0;0
Z40040 ZEGNA;0;0;16223759;0;0;0
AL55111 ALAIA BPI;45125537;45125537;16223792;0;0;0
ASI412 ASI OOO;45125582;45125582;16223739;0;0;0
M00411 ŒŒŒ ÃŒÀ≈ ”À¿;45125577;45125577;16223732;I_SUP411;0;0
CC6654 CAVALLI CLASS;45125786;45125786;0;0;0;0
I_SUP417 ŒŒŒ Ã»– »√–”ÿ≈ ;45125754;45125754;0;0;0;0
P34567 PIQUADRO;45125854;45125854;0;0;0;0
SKW409 SKW (ŒŒŒ ›—. ≈….¬¿…+ );45125518;45125518;0;I_SUP409;0;0
SUP671 AUTOGRAPH TRAVEL LIMITED;45125650;45125650;0;O_SUP671;0;0
V88514 VILEBREQUIN;45125641;45125641;0;0;0;0
W41150 WHITEFIELD INVEST LTD;45125876;45125876;0;0;0;0
WEITNAUER DISTR.;45125712;45125712;0;0;0;0
ISUP419 » –¿.–” ‘”ƒ—≈–¬»— ŒŒŒ;45125927;45125927;0;I_SUP419;0;0
WHITEFIELD INVEST LTD;45125906;45125906;0;O_SUP672;0;0
AN2014 ARIAL(SOCHI / NOVOSIBIRSK);0;0;16223067;0;0;0
ISUP156 ƒ€ÃŒ¬— Œ≈  ŒÀ¡¿—ÕŒ≈ œ–Œ»«¬Œƒ—“¬Œ ŒŒŒ;0;0;16223847;I_SUP156;0;0
M99989 EDRINGTON;10907325;10907325;0;0;0;0
W59120 BEAM SUNTORY;10907431;10907431;0;0;0;0
A55552 ¿Õ“¿–≈—;0;0;16223884;0;0;0
D10003 OETTINGER DAVIDOFF AG;10907250;10907250;0;0;0;0
FC00002 FERRARI CAVALLINO;45126060;45126060;16223877;0;0;0
PARFUME HOLDING;45126059;45126059;16223876;0;0;0
OSUP695 MONNALISA;45126109;45126109;0;0;0;0
OSUP694 CHOBI;45126108;45126108;0;0;0;0
OVERSEAS;45126113;45126113;0;0;0;0
T88865 ŒŒŒ “ƒ ÷¿–— »… Œ—≈“–;45126036;45126036;0;0;0;0
OSUP697 BE KEEN LIMITED;45126172;45126172;0;0;0;0
ŒŒŒ ¿√–» ŒÀ‹ —»“»;45126149;45126149;16223892;0;0;0
AIR AFFINITY LIMITED;45126209;45126209;0;O_SUP664;0;0
ARCOROS INC.;45126210;45126210;0;O_SUP667;0;0
ART ALLIANCE LTD (UK);45126208;45126208;0;O_SUP004;0;0
ASHFORD;45126191;45126191;0;O_SUP668;0;0
ISUP431 ŒŒŒ “Œ–√Œ¬€… ƒŒÃ –”—ƒ≈À;0;0;16223893;0;0;0
S10133;0;0;16223900;0;0;0
S99989;0;0;16223902;0;0;0
G37123 SIINERGIA (GREATWELL INVESTMENTS LTD);17129947;17129947;0;0;0;0
CA16543 œ¿–‘ﬁÃ œ¿À¿—;0;0;16222308;0;0;0
V12345 “œ  ¬»ÀŒÕ ŒŒŒ;0;0;16037549;0;0;0
OSUP699 MAFRAT SPA;45126324;45126324;0;0;0;0
A44441 ¿–ŒÕ¿ ŒŒŒ;0;0;16223683;0;0;0
GR00026  ŒÃœ¿Õ»ﬂ √–»Õ‘»Àƒ— ŒŒŒ;0;0;16034955;I_SUP026;0;0
K22233  –”“ŒÕ ŒŒŒ;0;0;16223484;0;0;0
O65432_ ¬Œ—‹Ã¿ﬂ »Ãœ≈–»ﬂ ŒŒŒ;0;0;16223729;I_SUP404;0;0
KAGANSKI & CO GMBH;45126192;45126192;0;0;0;0
INTER-PERFUMS;45125722;45125722;16223791;0;0;0
ISUP439 ÕŒ¬€≈ “≈’ÕŒÀŒ√»» ŒŒŒ;45126485;45126485;16223949;0;0;0
S60018 NARS SHISEIDO;45126434;45126434;0;0;0;0
LC00440 LES CONTES –»◊;0;0;16223953;0;0;0
R200440 RANCE –»◊;0;0;16223954;0;0;0
–»◊;0;0;16223952;0;0;0
B14674 BIOTHERM SKY;10922016;10922016;0;0;0;0
B89625 LUXOTTICA UK IRL;10907295;10907295;0;0;0;0
E55546 TORRE EXILITY;44514879;44514879;0;0;0;0
F33322 M.FRAY SKY;10907199;10907199;0;0;0;0
F45730 FRANCESCO SMALTO;10907305;10907305;0;0;0;0
G10046 GUESS - IBB SKY;10907395;10907395;0;0;0;0
GI20000 GIVENCHY PARFUME DP;45121228;45121228;0;0;0;0
L10031 LA SETA MANTERO SKY;10907407;10907407;0;0;0;0
M12346 STARY MASTER OOO;10924116;10924116;0;0;0;0
P10780 CACHAREL PBI SKY;10907418;10907418;0;0;0;0
P10800 GIORGIO ARMANI PBI SK;10907223;10907223;0;0;0;0
AB2222+ AEROBRIDGE UNION;0;0;15861076;0;0;0
AG55511 AGATHA;0;0;15061294;0;0;0
AJ5545 ALEXANDRE J MINIUM;0;0;16222783;0;0;0
B0000003 ¡ŒÕ¿ ŒŒŒ;0;0;12499656;0;0;0
B21456 CARON ¡»¡» ŒÃ (»À‹»Õ¿);0;0;15962875;0;0;0
B21457 MEMO ¡»¡» ŒÃ (»À‹»Õ¿);0;0;16164156;0;0;0
B21458 PRUDENCE ¡»¡» ŒÃ (»À‹»Õ¿);0;0;16164157;0;0;0
B21459 HOUBIGANT ¡»¡» ŒÃ (»À‹»Õ¿);0;0;16164158;0;0;0
B21460 HISTORES DE PARFUMS ¡»¡» ŒÃ (»À‹»Õ¿);0;0;16164160;0;0;0
C31803 CHRISTIAN DIOR;0;0;15316079;0;0;0
C33331 CLARINS;0;0;15418168;0;0;0
CH34567 CHURCHILLS;0;0;14832869;0;0;0
DZ55555 ƒ–≈¬Œ ∆»«Õ» ŒŒŒ;0;0;15962795;0;0;0
E11777 ›À»“ - ≈ƒ»Õ¿ﬂ ≈¬–Œœ¿;0;0;14345858;0;0;0
F00009 M.FREY WILLE DP;0;0;14108649;0;0;0
FF34567 FENDI;0;0;15968000;0;0;0
G10036 GODIVA;0;0;15981116;0;0;0
G11333 GUESS - IBB;0;0;10902937;0;0;0
G33311 DEL GIVENCHY PARFUME SKY;0;0;12529723;0;0;0
G93125 GUERLAIN DP;0;0;15981117;0;0;0
H66500 HIBWAY;0;0;16223555;0;0;0
I54333 F.BOCIET INTERLUX;0;0;16152907;0;0;0
I65432 ALYSON OLDOINI INTERLUX;0;0;16222786;0;0;0
I_SUP12 MONTALE ¡¿À“» ŒÃ;0;0;16064641;0;0;0
JR1405 DESIGN GO;0;0;10902943;0;0;0
K28000 KENZO PARF DP;0;0;15768570;0;0;0
L10010 L'OREAL PARIS;0;0;13934538;0;0;0
L10013 CHLOE;0;0;16223587;0;0;0
L11110 LUXOTTICA EURO UK (FORM B&L);0;0;10902957;0;0;0
L13098 LA SETA MANTERO EURO;0;0;10912772;0;0;0
L13579 LAMY- ALD INT;0;0;15840663;0;0;0
L33301 L.CONNAUGHTON&SONS LTD.;0;0;11092582;0;0;0
L35500 L`OCCITANE;0;0;14867972;0;0;0
L89130 LA SETA MANTERO;0;0;10902959;0;0;0
L98888 LEGO;0;0;15087679;0;0;0
LC00001 LES CONTES À≈ ŒÕ“;0;0;15358688;0;0;0
LL77744 BIOTHERM PBI;0;0;14348260;0;0;0
M10096 AYDYA LTD TRAVALO MC SKY;0;0;15981555;0;0;0
M20031 MOSCHINO;0;0;16064645;0;0;0
M54321 MARCOLIN GROUP;0;0;11103527;0;0;0
MP55500 MEPI;0;0;13934708;0;0;0
OK00364 OB. CONDITERY OOO;0;0;15981118;0;0;0
P65000 YSL PBI;0;0;15192911;0;0;0
P75000 LANCOME PBI;0;0;15192910;0;0;0
P78000 CACHAREL PBI;0;0;14877524;0;0;0
P80000 GIORGIO ARMANI PBI;0;0;14877523;0;0;0
P85000 VICTOR & ROLF PBI;0;0;14877525;0;0;0
R10060 BVLGARY;0;0;16032127;0;0;0
R20012 RANCE À≈ ŒÕ“;0;0;15233566;0;0;0
R35840 NINA RICCI PUIG;0;0;16157275;0;0;0
S10000 SHANTERI OOO;0;0;10903001;0;0;0
S10444 SWAROVSKI DP JEW;0;0;10903005;0;0;0
S10445 SWAROWSKI DP FIGURINS;0;0;13976024;0;0;0
S10446 SWAROWSKI DP WATCH;0;0;14012059;0;0;0
S14444 SAMSONITE;0;0;14046274;0;0;0
S45678 SWISS SMILE;0;0;15963513;0;0;0
S65432 STORK TRAVEL RETAIL;0;0;13473946;0;0;0
SC12345 SCORPIO TRAVEL RETAIL(TOYS);0;0;16147138;0;0;0
SL55530 SOUNDLINE;0;0;14114614;0;0;0
T46789 TALIKA;0;0;14113498;0;0;0
TM1111 TIME&MORE E.K.;0;0;15949607;0;0;0
UM12338 OOO UNITOYS MSK;0;0;15924874;0;0;0
V00137 OKKI ¬» “Œ–»ﬂ;0;0;16064640;0;0;0
V20032 VERSACE;0;0;16064644;0;0;0
V75432 VALENTINO PUIG;0;0;16222233;0;0;0
W00111 WHITE HALL;0;0;10903026;0;0;0
W54321 ¬≈À ŒÃ;0;0;14029982;0;0;0
WWF1234 WWF;0;0;14136269;0;0;0
≈ƒ»Õ¿ﬂ ≈¬–Œœ¿ ’ŒÀƒ»Õ√;0;0;14008008;0;0;0
A55555  ŒÃœ¿Õ»ﬂ ¿ÀÀ»√¿“Œ– ŒŒŒ;0;0;16223425;0;0;0
AL55544 ¿À‹ “–≈…ƒ ŒŒŒ;0;0;16223429;0;0;0
H44525 ’Œ–≈ ¿ “–≈…ƒ—≈–¬»— ŒŒŒ;0;0;15904373;0;0;0
I54444 »Õ“≈À “–≈…ƒ “ ;0;0;12584095;0;0;0
K127566  « Œ“–¿ƒÕŒ≈ Œ¿Œ;0;0;15892709;0;0;0
L44444_ À‘¡ ŒŒŒ;0;0;15922954;0;0;0
M71113 Ã¿–– –”——»ﬂ ŒŒŒ;0;0;16223418;0;0;0
U10022 ”–≈Õ’ŒÀ‹“ ŒŒŒ;0;0;13070299;0;0;0
—12345 ‘»–Ã¿ —“¿Õ¡≈¬ ŒŒŒ;0;0;15922984;0;0;0
I_SUP441 Õ¿«¿ƒ   »—“Œ ¿Ã;45126550;45126550;16223964;0;0;0
ES12333 ESTEBAN - ≈ƒ»Õ¿ﬂ ≈¬–Œœ¿;0;0;16223960;0;0;0
AS33354 ASHFORD;45124219;45124219;0;0;0;0
ART ALLIANCE DELUXE LTD;42829361;42829361;0;O_SUP003;0;0
BEST WINE CORPORATION;0;0;0;O_SUP669;0;0
BOLS SP.Z.O.O;0;0;0;O_SUP489;0;0
CHANEL SKY;0;0;0;O_SUP138;0;0
FOSTERS;0;0;0;O_SUP506;0;0
JACOB & CO. WATCHES INC.;0;0;0;O_SUP006;0;0
LANCEL SKY;0;0;0;O_SUP424;0;0
NEFT VODKA DISTRIBUTION LLC;39883260;39883260;0;O_SUP527;0;0
OOO ¿¬“Œ√–¿‘;0;0;0;I_SUP382;0;0
OOO “  √–¿“-¬≈—“;0;0;0;I_SUP146;0;0
OOO ﬁœ»“≈–;0;0;0;I_SUP240;0;0
PERNOD RICARD EUROPE;0;0;0;O_SUP635;0;0
RICHEMONT INTERNATIONAL SA;0;0;0;O_SUP670;0;0
SWAROVSKI INTERNATIONAL DISTRIBUTION AG;0;0;0;O_SUP666;0;0
UNITOYS-MCK;0;0;0;I_SUP190;0;0
WBDF_JAMESON;0;0;0;O_SUP470;0;0
WELLVELROCK LTD;0;0;0;O_SUP005;0;0
WESTA GMBH;0;0;0;O_SUP009;0;0
YVES SAINT LAURENT;0;0;0;O_SUP084;0;0
¿–“ ¿À‹ﬂÕ— › Œ;0;0;0;AA_ECO;0;0
«¿Œ ¡≈ÀŒ≈ «ŒÀŒ“Œ;0;0;0;I_SUP110;0;0
«¿Œ ¡–œ»;0;0;0;I_SUP017;0;0
«¿Œ √≈¡¿;0;0;0;I_SUP163;0;0
«¿Œ ƒŒÃŒƒ≈ƒŒ¬Œ ¿›–Œ“›À‹;0;0;0;I_SUP028;0;0
«¿Œ ≈–≈¬¿Õ— »…  ŒÕ‹ﬂ◊Õ€… «¿¬Œƒ;0;0;0;I_SUP096;0;0
«¿Œ  ¿Ã◊¿ƒ¿À;0;0;0;I_SUP092;0;0
«¿Œ –Œ—¿À Œ-Õ≈¬¿;0;0;0;I_SUP091;0;0
«¿Œ –”—— »… » Œ–Õ€… ƒŒÃ;0;0;0;I_SUP224;0;0
«¿Œ —≈…À—;0;0;0;I_SUP122;0;0
«Œ¿ ¿–»–¿Ã;0;0;0;I_SUP378;0;0
»œ ¡¿–¿ÕŒ¬ —.¬.;0;0;0;I_SUP098;0;0
»œ ¡¿÷”≈¬¿;0;0;0;I_SUP134;0;0
»œ »À‹»Õ¿ Õ.¬.;0;0;0;I_SUP362;0;0
»œ “”–¡»Õ¿ Œ.¬.;0;0;0;I_SUP100;0;0
»œ ÷€¡¿ ¬»“¿À»… ¿À≈ —¿Õƒ–Œ¬»◊;0;0;0;I_SUP393;0;0
Œ¿Œ ”ƒ¿–Õ»÷¿;0;0;0;I_SUP103;0;0
ŒŒŒ ´œ¿Õ›Ãª;0;0;0;I_SUP070;0;0
ŒŒŒ ´—¿Õ“Œ◊¿ª;0;0;0;I_SUP093;0;0
ŒŒŒ ¿ÀÀ»√¿“Œ–;0;0;0;I_SUP079;0;0
ŒŒŒ ¿œ–≈À‹;0;0;0;I_SUP104;0;0
ŒŒŒ ¿–ŒÕ¿;0;0;0;I_SUP407;0;0
ŒŒŒ ¿—œ≈ “;0;0;0;I_SUP155;0;0
ŒŒŒ ¿›–Œ-¡–»ƒ∆;0;0;0;I_SUP083;0;0
ŒŒŒ ¿›–Œ-¡–»ƒ∆ “–≈…ƒ»Õ√;0;0;0;I_SUP159;0;0
ŒŒŒ ¿›–Œ-¡–»ƒ∆ ﬁÕ»ŒÕ;0;0;0;I_SUP097;0;0
ŒŒŒ ¡≈√≈ÃŒ“ –”ÃﬂÕ÷≈¬Œ;0;0;0;I_SUP383;0;0
ŒŒŒ ¡»¡» ŒÃ;0;0;0;I_SUP118;0;0
ŒŒŒ ¡»√ “–≈…ƒ;0;0;0;I_SUP068;0;0
ŒŒŒ ¡» ;0;0;0;I_SUP391;0;0
ŒŒŒ ¡ŒÕ¿;0;0;0;I_SUP129;0;0
ŒŒŒ ¡“ ¡≈Õ≈‘»“;0;0;0;I_SUP386;0;0
ŒŒŒ ¬≈ƒ ;0;0;0;I_SUP135;0;0
ŒŒŒ ¬Œ—“Œ -«¿œ¿ƒ;0;0;0;I_SUP032;0;0
ŒŒŒ √≈–¿À‹“;0;0;0;I_SUP086;0;0
ŒŒŒ √   –»—“¿ÀÀ-À≈‘Œ–“Œ¬Œ;0;0;0;I_SUP235;0;0
ŒŒŒ √Œ—“»Õ€… ƒ¬Œ–;0;0;0;I_SUP398;0;0
ŒŒŒ √–¿Õƒ ¡»∆”;0;0;0;I_SUP376;0;0
ŒŒŒ √–¿“¬≈—“;0;0;0;I_SUP154;0;0
ŒŒŒ ƒ∆”—»  ŒÃœ¿Õ»;0;0;0;I_SUP128;0;0
ŒŒŒ ƒ» ƒ∆» “–≈…ƒ»Õ√;0;0;0;I_SUP087;0;0
ŒŒŒ ƒ–≈¬Œ ∆»«Õ»;0;0;0;I_SUP360;0;0
ŒŒŒ ≈¬–Œ ¿–“¿;0;0;0;I_SUP125;0;0
ŒŒŒ »Õ“≈À Ã— ;0;0;0;I_SUP392;0;0
ŒŒŒ »Õ“≈À“–≈…ƒ TK;0;0;0;I_SUP112;0;0
ŒŒŒ »Õ“≈–Àﬁ —;0;0;0;I_SUP153;0;0
ŒŒŒ  ¿— ¿ƒ ÀŒ√»—“» ;0;0;0;I_SUP099;0;0
ŒŒŒ  ¡ —≈–¬»—;0;0;0;I_SUP113;0;0
ŒŒŒ  ¬¿““–Œ;0;0;0;I_SUP088;0;0
ŒŒŒ  ¬ŒÀ»“»;0;0;0;I_SUP131;0;0
ŒŒŒ  ≈…  Ã¿– ≈“;0;0;0;I_SUP379;0;0
ŒŒŒ  ŒÀ»«≈…;0;0;0;I_SUP124;0;0
ŒŒŒ  ŒÕ» ;0;0;0;I_SUP167;0;0
ŒŒŒ  ŒÕ÷≈œ“-¡¿–;0;0;0;I_SUP380;0;0
ŒŒŒ  –»—“¿ÀÀ-¬≈—“;0;0;0;I_SUP077;0;0
ŒŒŒ  –”“ŒÕ;0;0;0;I_SUP400;0;0
ŒŒŒ  ”’Õﬂ π 1;0;0;0;I_SUP130;0;0
ŒŒŒ À¿ œ≈ÀÀ≈ ‘≈ÿÕ;0;0;0;I_SUP109;0;0
ŒŒŒ À¿ ÿ≈–» ¬Œ–Àƒ œ–Œƒ¿ ÿÕ;0;0;0;I_SUP410;0;0
ŒŒŒ À¿Ã¿–“»—;0;0;0;I_SUP384;0;0
ŒŒŒ À≈ ŒÕ“;0;0;0;I_SUP381;0;0
ŒŒŒ À‘¡;0;0;0;I_SUP119;0;0
ŒŒŒ Ã¿–”—ﬂ ¡≈¬≈–≈ƒ∆»— –”—;0;0;0;I_SUP145;0;0
ŒŒŒ Ã»À¿–;0;0;0;I_SUP168;0;0
ŒŒŒ Ã»Õ»”Ã;0;0;0;I_SUP389;0;0
ŒŒŒ ÃŒƒ¿ œ–≈Ã»”Ã;0;0;0;I_SUP108;0;0
ŒŒŒ Õ≈¬— »… ¡≈–≈√;0;0;0;I_SUP136;0;0
ŒŒŒ Õ» - ;0;0;0;I_SUP143;0;0
ŒŒŒ Õ‹ﬁ-Œœ“» ¿;0;0;0;I_SUP042;0;0
ŒŒŒ Œ¡—»ƒ»¿Õ“;0;0;0;I_SUP117;0;0
ŒŒŒ Œ¡⁄≈ƒ»Õ≈ÕÕ€≈  ¿Õƒ»“≈–€;0;0;0;I_SUP364;0;0
ŒŒŒ Œœ“»Ã¿ ¡‹ﬁ“»;0;0;0;I_SUP165;0;0
ŒŒŒ Œ–»ŒÕ √–”œœ;0;0;0;I_SUP078;0;0
ŒŒŒ œ¿–‘ﬁÃ œ–≈—“»∆;0;0;0;I_SUP120;0;0
ŒŒŒ œ≈œ—» Œ ’ŒÀƒ»Õ√—;0;0;0;I_SUP012;0;0
ŒŒŒ œ≈–»ƒ≈Œ –”—;0;0;0;I_SUP106;0;0
ŒŒŒ œ» ¬¿ƒ–Œ –”—;0;0;0;I_SUP169;0;0
ŒŒŒ œ–≈Ã»”Ã-‘”ƒ—;0;0;0;I_SUP008;0;0
ŒŒŒ œ–≈Ã‹≈– ¡‹ﬁ“» À¿…Õ;0;0;0;I_SUP140;0;0
ŒŒŒ œ–»“ﬂ∆≈Õ»≈;0;0;0;I_SUP158;0;0
ŒŒŒ –¬  –¿— ¿“;0;0;0;I_SUP358;0;0
ŒŒŒ –»ÿ›—;0;0;0;I_SUP138;0;0
ŒŒŒ —¿Ã—ŒÕ¿…“;0;0;0;I_SUP053;0;0
ŒŒŒ —  “Œ–√Œ¬Àﬂ;0;0;0;I_SUP038;0;0
ŒŒŒ —Õ¿¡—≈–¬»—;0;0;0;I_SUP133;0;0
ŒŒŒ —œŒ–““Œ¬¿–€ ¡Œ— Œ;0;0;0;I_SUP102;0;0
ŒŒŒ —“¿–“;0;0;0;I_SUP150;0;0
ŒŒŒ —“¿“”—-√–”œœ;0;0;0;I_SUP387;0;0
ŒŒŒ —“»À‹;0;0;0;I_SUP152;0;0
ŒŒŒ —“ŒÀ»◊Õ€≈ —À¿ƒŒ—“»;0;0;0;I_SUP065;0;0
ŒŒŒ —-“–≈…ƒ;0;0;0;I_SUP395;0;0
ŒŒŒ “¿…Ã“› ;0;0;0;I_SUP111;0;0
ŒŒŒ “ƒ œŒÀﬂÕ¿;0;0;0;I_SUP090;0;0
ŒŒŒ “ƒ œ–Œ≈ “ 21;0;0;0;I_SUP132;0;0
ŒŒŒ “ƒ —-¬  —¬ ;0;0;0;I_SUP041;0;0
ŒŒŒ “ŒÕ”—;0;0;0;I_SUP372;0;0
ŒŒŒ “–≈…ƒ —“¿–;0;0;0;I_SUP157;0;0
ŒŒŒ ‘.œ¿–“Õ≈–—;0;0;0;I_SUP162;0;0
ŒŒŒ ‘»–Ã¿ ÀŒ“Œ—-À≈Õƒ;0;0;0;I_SUP044;0;0
ŒŒŒ ‘»–Ã¿ —“»‘;0;0;0;I_SUP081;0;0
ŒŒŒ ‘”ƒ ƒ»“–»¡‹ﬁÿ≈Õ √–”œœ;0;0;0;I_SUP082;0;0
ŒŒŒ ’≈–œ¿ —Õ√;0;0;0;I_SUP151;0;0
ŒŒŒ ›ƒÃ»Õ—;0;0;0;I_SUP107;0;0
ŒŒŒ › —¿À»“»;0;0;0;I_SUP114;0;0
ŒŒŒ › —œ–≈—— Ã≈ƒ»¿ Ã¿– ≈“;0;0;0;I_SUP141;0;0
ŒŒŒ ›Õ—;0;0;0;I_SUP149;0;0
ŒŒŒ ›—œ≈–¿Õ—;0;0;0;I_SUP116;0;0
ŒŒŒ ›—“≈– œ¿–‘ﬁÃ;0;0;0;I_SUP361;0;0
ŒŒŒ ﬁ¬≈À»–;0;0;0;I_SUP142;0;0
ŒŒŒ ﬁÕ»ƒ∆≈À;0;0;0;I_SUP121;0;0
ŒŒŒ ﬁÕ»“Œ…— Ã— ;0;0;0;I_SUP164;0;0
ŒŒŒ ﬂÃ¿À;0;0;0;I_SUP166;0;0
‘√”œ »«ƒ¿“÷≈Õ“– Ã¿– ¿;0;0;0;I_SUP385;0;0
D62941 ƒ≈À» ¿“≈— “–≈…ƒ;0;0;16223997;0;0;0
ŒŒŒ ¿–“—œŒ“;45126654;45126654;0;0;0;0
SIA MONO;45125713;45125713;0;0;0;0
C10033 CLARINS EXPORT DIVISION;10907489;10907489;0;0;0;0
C60708 L CONNAUGHTON & SON;10907447;10907447;0;0;0;0
F33311 FREY WILLE;10907558;10907558;0;0;0;0
G10016 GUESS - IBB B.V.;10907503;10907503;0;0;0;0
G10036 GODIVA S.A. BELGIUM;10907559;10907559;0;0;0;0
K10028 KENZO PARFUMS;10907313;10907313;0;0;0;0
L10030 LA SETA MANTERO;10907511;10907511;0;0;0;0
L55545 LUXOTTICA EURO;10907320;10907320;0;0;0;0
L99989 LEGO OVERSEAS A/S;10907513;10907513;0;0;0;0
M12346 —“¿–€… Ã¿—“≈– Õ¬ ŒŒŒ;0;0;10969454;0;0;0
V50170 ¬¿À≈Õ—»ﬂ › —œ–≈—— ŒŒŒ;0;0;16223643;0;0;0
P10080 GIORGIO ARMANI PBI;10907463;10907463;0;0;0;0
S11001 SILHOUETTE INT;10907471;10907471;0;0;0;0
M54321 MARCOLIN;10907415;10907415;0;0;0;0
P10078 CACHAREL PBI;10907274;10907274;0;0;0;0
P14673 LANCOME PBI;10907584;10907584;0;0;0;0
S10014 SAMSONITE EUROPE;10907377;10907377;0;0;0;0
S10103 STORCK INTERNATIONAL;10907228;10907228;0;0;0;0
S10133 SWAROVSKI JEWELLERY;10907281;10907281;0;0;0;0
S33333 SOUNDLINE;10912490;10912490;0;0;0;0
S99989 SWAROVSKI SILVER CRYSTAL;10907473;10907473;0;0;0;0
;;;;;;
;;;;;;
