supplier_id;name;swsdfid;swsdpid;swsdfusdid
0;NA;0;0;0
1; ŒÕ—»√Õ¿÷»ﬂ;0;14120281;0
2;E12345 ES.MOLECULES ›—“≈–  œ¿–‘ﬁÃ;0;14122386;0
3;---;0;14323943;0
4;A0000006 ¿–’¿Õ√ OOO;0;11271174;0
5;A00004 ICS;0;10902882;0
6;A00005 ALFA PLUS;0;10902883;0
7;A00006 ART-BOOKS OOO;0;10902884;0
8;A00007 ¿À≈‘ “–≈…ƒ ŒŒŒ;0;11372511;0
9;A00012 ¿¬¿ÀŒÕ “–≈…ƒ;0;11690046;0
10;A00111 APC-FOUDS OOO;0;10902886;0
11;A01000 ALESER 000;0;10902887;0
12;A014660 ASGHARALI ESTERK;0;16223207;0
13;A10015 CAROLINA HERRERA PUIG;10907434;16157276;10907434
14;A11100 ART-ALYANCE ECO RBL;0;10902892;0
15;A11114 AVALANCHE;0;15205851;0
16;A11117 AVIATOR;0;15205854;0
17;A12000 ¿Ã¿ƒ≈”—;0;11450423;0
18;A14520 ¿À Œ-Ã»–;0;11274573;0
19;A32111 AVANTA ELECTRONICS;28593085;15980835;28593085
20;A33000 ARDEN LAGERFELD;0;11728840;0
21;A33315+ AEROBRIDGE OOO;24612378;15872568;24612378
22;A45698 ART ALLIANCE LTD;0;15963727;0
23;A65432 AVTOGRAF;45121100;16222300;45121100
24;A72508 ¿ﬂ —-œ–≈—— ŒŒŒ;44809367;16192379;44809367
25;A88881 ¿–»¿Ã;0;16223492;0
26;AB2222+ AEROBRIDGE UNION;0;15861076;0
27;AD00000 AF_DM;0;15929513;0
28;AEROFIRST_RBN;0;10902895;0
29;AG55511 AGATHA;0;15061294;0
30;AJ5545 ALEXANDRE J MINIUM;0;16222783;0
31;ARIAL;0;16135458;0
32;ART BAZAR GR;0;15407859;0
33;B0000003 ¡ŒÕ¿ ŒŒŒ;0;12499656;0
34;B000005 »“¿À ŒÃ;0;10902896;0
35;B00001 VASKO RBL;0;10902897;0
36;B00003 BEVERIDGIS AND TRAIDING;0;10902899;0
37;B00004 BAZA-4 ZAO;0;10902900;0
38;B00005 BELLIGEN TD;0;10902901;0
39;B0005 ¬–≈Ã≈Õ¿ √Œƒ¿ “ƒ;0;11168902;0
40;B10000 TP BIRNS;0;10902903;0
41;B10001 BORALEX;0;10902904;0
42;B10027 ISSEY MIYAKI BPI;10907387;16222992;10907387
43;B10029 NARCISO RODRIGUES BPI;10908145;16222990;10908145
44;B21456 CARON ¡»¡» ŒÃ (»À‹»Õ¿);0;15962875;0
45;B21457 MEMO ¡»¡» ŒÃ (»À‹»Õ¿);0;16164156;0
46;B21458 PRUDENCE ¡»¡» ŒÃ (»À‹»Õ¿);0;16164157;0
47;B21459 HOUBIGANT ¡»¡» ŒÃ (»À‹»Õ¿);0;16164158;0
48;B21460 HISTORES DE PARFUMS ¡»¡» ŒÃ (»À‹»Õ¿);0;16164160;0
49;B54321 BYREDO ESTERK;45123746;16222849;45123746
50;BB55515 BETTY BARCLAY - ≈ƒ»Õ¿ﬂ ≈¬–Œœ¿;0;15054381;0
51;BPI;0;16223507;0
52;BR75321 BURBERRY BPI;43255913;16223562;43255913
53;BV10020 BOTTEGA VENETA;0;16223608;0
54;C00001 COCA-COLA USD;0;10902906;0
55;C00010 KC FUDS;0;10902907;0
56;C00012 À»Õ»ﬂ ◊»Õ ”≈ OOO;0;10968807;0
57;C10000 CASIO 000;0;10902908;0
58;C15000 CHASPROMTORG ZAO;0;10902912;0
59;C27565 CHANEL PARFUMS;10907446;15913684;10907446
60;C31803 CHRISTIAN DIOR;0;15316079;0
61;C33331 CLARINS;0;15418168;0
62;CA12345 C.AGUILERA - ≈ƒ»Õ¿ﬂ ≈¬–Œœ¿;0;14008009;0
63;CC00001 CLIVE CHRISTIAN ESTERK;0;16223206;0
64;CH34567 CHURCHILLS;0;14832869;0
65;CK11111 CK WATCHES;0;13934647;0
66;COTY;0;16223578;0
67;D00001 DENVIEW U.E.;0;10902913;0
68;D00002 DMITROV-ALKO OOO;0;10902914;0
69;D10000 ƒ»À¿Õ+ OOO;0;11003144;0
70;D10001 DENVIEW RBL;0;10902916;0
71;D10005  ›Õƒ»À¿…Õ ŒŒŒ;0;13530515;0
72;D20030 DOLCE & GABBANA P&G;0;16222253;0
73;D50005 DEMOS-APS AOOT;0;10902918;0
74;D5005005 ƒœ-“–≈…ƒ ŒŒŒ;0;11715231;0
75;D67890 DAVIDOFF - ≈ƒ»Õ¿ﬂ ≈¬–Œœ¿;0;14008011;0
76;DE22222 DESIGUAL;0;15981558;0
77;DG10067 D&G WATCHES;0;11310611;0
78;DR5432 DE RIGO;0;16222279;0
79;DZ55555 ƒ–≈¬Œ ∆»«Õ» ŒŒŒ;0;15962795;0
80;E00001 APOLLO ELECTRONICS;0;10902919;0
81;E00003 INTERPRODUCT ZAO;0;10902921;0
82;E00004 ≈¬–¿—≈–¬»— ŒŒŒ;0;11163369;0
83;E00005 ELECTROCOMPROECT;0;10902922;0
84;E0002 UVELCOM OOO;0;10902924;0
85;E10022 ESCADA P&G;0;16222630;0
86;E11000 EVRAZIYA OOO;0;10902925;0
87;E11777 ›À»“ - ≈ƒ»Õ¿ﬂ ≈¬–Œœ¿;0;14345858;0
88;E33962 HUGO BOSS PARFUME;0;15644008;0
89;E33965 LACOSTE P&G;0;16222631;0
90;E55546 TORRE EXILITY;0;16165067;0
91;E55555 ESSE DP EURO;0;10924931;0
92;E77712 ESTER BIJOUX;0;15981401;0
93;ELIT BAGS GROUP;0;16222206;0
94;EN12355 ENNS;45120906;16222258;45120906
95;EN44567 ELECTRONIC NOVELTIES;44153565;16171437;44153565
96;ES12345 ELIE SAAB;0;16223564;0
97;ESTEE LAUDER GROUP;0;16223506;0
98;ESTERK PARFUME;0;16222986;0
99;EXILITY;0;16165066;0
100;F00009 M.FREY WILLE DP;0;14108649;0
101;F11111 FANAGORIA TRADE HOUSE OOO;0;10902929;0
102;F11116 FABER CASTELL;0;15205853;0
103;F3333300 FOLLI FOLLIE WATCHES;0;11307070;0
104;F55545 FURLA;0;12309424;0
105;F55556 FOSSIL;0;15115888;0
106;F87654 FERAUD - ≈ƒ»Õ¿ﬂ ≈¬–Œœ¿;0;14425730;0
107;FER123 FERRERO;0;16222285;0
108;FF34567 FENDI;0;15968000;0
109;G00001 MASTER DISTRIBUTERS;0;10902930;0
110;G00002 GOLD GRAIL;0;10902931;0
111;G0001 GROSS OOO;0;10902932;0
112;G10000 GELEO OOO;0;10902933;0
113;G10036 GODIVA;0;15981116;0
114;G11110 MASTER DISTRIBUTERS RBL;0;10902934;0
115;G11111 GIVENCHY COUTURE RBN;0;10902935;0
116;G11112 GIVENCHY COUTURE EURO;0;10902936;0
117;G11333 GUESS - IBB;0;10902937;0
118;G33311 DEL GIVENCHY PARFUME SKY;0;12529723;0
119;G33322 GENERLUX TRADING S.A. DP;0;10902938;0
120;G93125 GUERLAIN DP;0;15981117;0
121;GI20000 GIVENCHY PARFUME DP;0;15834392;0
122;GS12334 GWEN STEFANI - ≈ƒ»Õ¿ﬂ ≈¬–Œœ¿;0;14165253;0
123;H10053 HERMES;0;16223502;0
124;H66500 HIBWAY;0;16223555;0
125;I00001 AGROS-EKO;0;10902939;0
126;I00003 COSMOPOLITAN COSMETICS;0;10902941;0
127;I22222 ISA SPA DP RBN;0;10915168;0
128;I54333 F.BOCIET INTERLUX;0;16152907;0
129;I65432 ALYSON OLDOINI INTERLUX;45123572;16222786;45123572
130;I75666 KORLOFF INTERLUX;44185424;16152906;44185424
131;I98765 SILLAGE INTERLUX;42520715;15948027;42520715
132;I_SUP12 MONTALE ¡¿À“» ŒÃ;0;16064641;0
133;IMPORT;0;16222663;0
134;INTERLUX;0;16152905;0
135;INTERLUX 2;0;16223617;0
136;J00001 JANEKE;0;13672184;0
137;J20060 JULES DESTROOPER;10907208;15971592;10907208
138;J22345 JUILETTE HAS A GUN ESTERK;0;16223208;0
139;J99998 KRAFT JAKOBS SUCHARD;0;15861659;0
140;J99999 JSL TRADING AG;0;15601393;0
141;JR12345 JOHN RICHMOND;0;14030217;0
142;JR1405 DESIGN GO;0;10902943;0
143;K00001  –¿—Õ€… Œ “ﬂ¡–‹;0;10902944;0
144;K00009 KENZO JEW DP EURO;0;10902946;0
145;K0001 KENZO SILVER;0;11852187;0
146;K01110 HERMITAGE SKY;0;10902947;0
147;K10001 HERMITAGE EURO;0;10902949;0
148;K11111  ¿«”ÃﬂÕ;0;10902951;0
149;K127566 Œ¿Œ  « Œ“–¿ƒÕŒ≈;0;15892709;0
150;K15973 KEIKO MECHERI INTERLUX;0;16223539;0
151;K22233 OOO  –”“ŒÕ;0;16223484;0
152;K28000 KENZO PARF DP;0;15768570;0
153;K44455 KOLBER WATCHES;0;10902952;0
154;K55545 KILIAN ESTERK;0;16222847;0
155;K555544 KEEL TOYS;0;15481433;0
156;K55555  Œ–ŒÕ¿ ŒŒŒ;0;13477160;0
157;K56999  ¿— ¿ƒ OOO;0;11039767;0
158;K66666 KONFAEL.JCS;0;16223626;0
159;K99999 KENZO JEW DP RBL;0;10902953;0
160;KM12389 KEIKO MICHERY (À¿ ÿ≈–»);45125409;16223662;45125409
161;KM22230 KEIKO MECHERI INTERLUX 2;0;16223622;0
162;KO15151  ŒÕ»  ŒŒŒ;0;14080114;0
163;KONIC GR;0;15357422;0
164;KZ55555 ERCI;0;15981417;0
165;L'OREAL LUX GROUP;0;14877652;0
166;L10006 LONGCHAMP;10907509;16222232;10907509
167;L10010 L'OREAL PARIS;0;13934538;0
168;L10013 CHLOE;0;16223587;0
169;L10019 MARC JACOBS COTY;19259440;16223588;19259440
170;L11000 À≈Ã¿- Œ– OOO;0;11075402;0
171;L11110 LUXOTTICA EURO UK (FORM B&L);0;10902957;0
172;L11111 LONGCHAMP;0;10902958;0
173;L12222 LINDT;10907318;15828970;10907318
174;L13098 LA SETA MANTERO EURO;0;10912772;0
175;L13579 LAMY- ALD INT;0;15840663;0
176;L15808 LANCEL;10907409;16140707;10907409
177;L25116 LANVIN COUTURE RBN;0;11689272;0
178;L33301 L.CONNAUGHTON&SONS LTD.;0;11092582;0
179;L35500 L`OCCITANE;0;14867972;0
180;L44444_OOO À‘¡;0;15922954;0
181;L89130 LA SETA MANTERO;0;10902959;0
182;L98888 LEGO;0;15087679;0
183;LC00001 LES CONTES À≈ ŒÕ“;0;15358688;0
184;LL77744 BIOTHERM PBI;0;14348260;0
185;M00000 MAJORICA EURO;0;10913918;0
186;M00001 MASTER DISTRIBUTION;0;10902960;0
187;M00002 Ãƒ ;0;10902961;0
188;M00003 METRO & KERRI;0;10902962;0
189;M00008 MARKET CONNECTIONS;0;11380711;0
190;M00010 MARTHEL ZAO;0;10902963;0
191;M00011 CROCUS;0;10902964;0
192;M0101010 Ã≈“–Œ  ≈ÿ ›Õƒ  ≈––»;0;11410701;0
193;M02000 MILLENIUM-2000;0;10902965;0
194;M03000 MAGISTR BIBENDI OOO;0;10902966;0
195;M04660 ŒŒŒ Ã»–¿Õ»;0;16223637;0
196;M10000 MOBIL-KONSTANT OOO;0;10902967;0
197;M10049 Ã¿–— √ŒÀÀ¿Õƒ»ﬂ;0;15900160;0
198;M10096 AYDYA LTD TRAVALO MC SKY;0;15981555;0
199;M11000 ÿ¿–Ã OOO;0;10912570;0
200;M11001 MERKURIY OOO;0;10902971;0
201;M12300 MAUI JIM SUNGLASSES;0;12738343;0
202;M12346 —“¿–€… Ã¿—“≈– Õ¬ ŒŒŒ;0;10969454;0
203;M20001 ÃŒ¡¿…À ›Õ≈–ƒ∆»;0;11002275;0
204;M20031 MOSCHINO;0;16064645;0
205;M21345 MD GOURMEX LTD;0;11641982;0
206;M23222 MORGAN & OATES;0;15981670;0
207;M54321 MARCOLIN GROUP;0;11103527;0
208;M57700 MGI LUXURY GROUP S.A.;0;15954362;0
209;M66666 MAJORICA DP;0;10902973;0
210;M71113 ŒŒŒ Ã¿–– –”——»ﬂ;0;16223418;0
211;M89765 MORELLATO;0;15971536;0
212;M98765 MEXX - ≈ƒ»Õ¿ﬂ ≈¬–Œœ¿;0;14008127;0
213;MA8888 Ã»Õ»”Ã ¿–“  ŒÀÀ;45125188;16223577;45125188
214;MJ33330 MARC JACOBS - ≈ƒ»Õ¿ﬂ ≈¬–Œœ¿;0;14008126;0
215;MP55500 MEPI;0;13934708;0
216;MR32654 MARCEL ROBERT;0;16222219;0
217;N00001 NOVAYA ZARYA;0;10902974;0
218;N10001 NATURAL PRODUCTS ZAO;0;10902975;0
219;N11111 NICLAS AG;0;10902976;0
220;N11133 Õ¿¡Œ–€ œ¿–‘ﬁÃ≈–»» »  Œ—Ã≈“» »;0;12310664;0
221;N12345 Õ¿—À≈ƒ»≈;0;13053302;0
222;N22222 NINA RICCI COUTURE DP RBN;0;10909574;0
223;NAVI;0;15967978;0
224;O00001 ARMAGON OOO;0;10902977;0
225;O10000 Œƒ»Õ÷Œ¬— ¿ﬂ  ŒÕƒ»“≈–— ¿ﬂ ‘¿¡–» ¿ OOO;0;11138584;0
226;O11000 OST-ALCO;0;10902978;0
227;O11111 OCEAN+;0;10902979;0
228;OE5555 «¿Œ Œ–»≈Õ“¿À › —œ–≈——;0;16222989;0
229;OK00364 OB. CONDITERY OOO;0;15981118;0
230;OLD PARFUME;0;12266153;0
231;OLD_PLU;0;15968014;0
232;P&G____;0;16223607;0
233;P000005 ŒŒŒ œ–Œ¬¿Õ—;45124728;16223407;45124728
234;P01997 LA PRAIRIE;10907524;16223685;10907524
235;P05321 PACO RABANNE PUIG;10907525;16157273;10907525
236;P10000 PEPSICO HOLDINGS OOO;0;10902982;0
237;P10000 PRADA PUIG;10907328;16157277;10907328
238;P10001 PIVNOY DOM;0;10902983;0
239;P10099 HELENA RUBENSTEIN PBI;0;15981229;0
240;P12333 PORTOLANO;0;11713782;0
241;P12345 POLICE TIME;0;10902984;0
242;P17001 ORCHID ZAO;0;10902985;0
243;P65000 YSL PBI;0;15192911;0
244;P75000 LANCOME PBI;0;15192910;0
245;P78000 CACHAREL PBI;0;14877524;0
246;P80000 GIORGIO ARMANI PBI;0;14877523;0
247;P85000 VICTOR & ROLF PBI;0;14877525;0
248;PARFUME SALE;0;15317860;0
249;PM12399 PARRIS MONTE CARLO (À¿ ÿ≈–»);0;16223663;0
250;PM44450 PERRIS MONTE CARLO INTERLUX 2;45125275;16223623;45125275
251;PR200002 œ–Œ√–≈——-œÀﬁ— ŒŒŒ;0;12428766;0
252;PUIG;0;16157331;0
253;PW55555 POLICE TIME WATCH;0;15059512;0
254;R00002 –”—¿√–Œ“Œ–√ ÃŒ— ¬¿;0;10902987;0
255;R10001 RARITET OOO;0;10902990;0
256;R10010 RAYSTAR OOO;0;10902991;0
257;R10060 BVLGARY;0;16032127;0
258;R11111 LEKERY OOO;0;10902994;0
259;R12345 RATTI COLLECTION;0;10910007;0
260;R20012 RANCE À≈ ŒÕ“;0;15233566;0
261;R25255 –Œ“Œ– ’¿”—;0;11696609;0
262;R35840 NINA RICCI PUIG;0;16157275;0
263;R888888 –”—“ »Õ Œ–œŒ–›…“≈ƒ;45120595;11390230;45120595
264;S00001 SOI-2;0;10902996;0
265;S00002 NIAGARA FUDS;0;10902997;0
266;S00003 SLIMSITY OOO;0;10902998;0
267;S00004 —œŒ–“À¿…Õ OOO;0;11164767;0
268;S01607 SHISEIDO;0;16223584;0
269;S02000 SHARK-2000;0;10903000;0
270;S10000 SHANTERI OOO;0;10903001;0
271;S10000 SONYA RYKIEL;10907470;16223229;10907470
272;S10100 STOLWERCK FAIN CHOCOLATE;0;10903004;0
273;S10444 SWAROVSKI DP JEW;0;10903005;0
274;S10445 SWAROWSKI DP FIGURINS;0;13976024;0
275;S10446 SWAROWSKI DP WATCH;0;14012059;0
276;S10500 ŒŒŒ —¿ — »√–”ÿ »;45123641;16222994;45123641
277;S11111 SILHOUETTE INTERNATIONAL;0;10903006;0
278;S120000 ALMEIRA OOO;0;10903007;0
279;S14444 SAMSONITE;0;14046274;0
280;S20001 MAGARACH 000;0;10903008;0
281;S45678 SWISS SMILE;0;15963513;0
282;S54321 SISLEY;0;15968003;0
283;S60006 SELDICO FENDI;0;15116112;0
284;S65432 STORK TRAVEL RETAIL;0;13473946;0
285;S67891 SHAIKH ESTERK;45124013;16222987;45124013
286;S88888 SKAGEN;0;13672185;0
287;S97531 »œ —¿ÃŒƒ”–Œ¬— »…;0;16223030;0
288;SC12345 SCORPIO TRAVEL RETAIL(TOYS);0;16147138;0
289;SC15151 SCHLEICH;0;15357423;0
290;SCORPIO DISTR GROUP;0;15205850;0
291;SELDICO GROUP;0;13978108;0
292;SG55510 SILLAGE INTERLUX 2;45125273;16223621;45125273
293;SHUAR OOO;0;10902999;0
294;SL55530 SOUNDLINE;0;14114614;0
295;SONYA RYKIEL;0;16223228;0
296;SP88820 —“ŒÀ»◊Õ€≈ œŒ—“¿¬ » ŒŒŒ;45124442;16223343;45124442
297;SUPPLIERS 01 (LIQUORS / MINIATURES);0;16054718;0
298;SUPPLIERS 02 (TOBACCO);0;16150362;0
299;SUPPLIERS 03 (PERFUMERY & COSMETICS);0;16054609;0
300;SUPPLIERS 04 (ELECTRONICS);0;16054684;0
301;SUPPLIERS 05 (FASHION/ACCESSORIES);0;16054681;0
302;SUPPLIERS 06 (CONFECTIONARY);0;16054682;0
303;SUPPLIERS 07 (JEWELLERY);0;16054713;0
304;SUPPLIERS 08 (GLASS / CHINA);0;16150363;0
305;SUPPLIERS 09 (SOUVENIRS / MUSIC);0;16054705;0
306;SUPPLIERS 10 (DELICATESSEN);0;16150364;0
307;SUPPLIERS 11 (SUNGLASSES);0;16150365;0
308;SUPPLIERS 12 (WATCHES);0;16054717;0
309;SUPPLIERS 14 (TOYS / TRAVEL);0;16054683;0
310;SUPPLIERS 17 (»–À¿Õƒ— »… ¡¿–);0;16150151;0
311;SZ4444 —À¿¬¿ «¿…÷≈¬ À¿ ÿ≈–»;0;16223504;0
312;T00001 “”–ÕŒ OOO;0;10903009;0
313;T00003 TRIANON-SERVICE;0;10903011;0
314;T00005 TOYDICO;0;10903012;0
315;T00010 Ã¿∆≈—“» -»Ãœ› — ŒŒŒ;0;10903013;0
316;T10039 TISSOT DP;0;10903016;0
317;T10045 TRAVEL RETAIL INNOVATIONS;10907232;15876813;10907232
318;T11000 “–›Õƒ  ŒÀÀ› ÿÕ ŒŒŒ;0;10913973;0
319;T11115 TIME DESIGN;0;15205852;0
320;T33223 TEXIER DP EURO;0;10903018;0
321;T46789 TALIKA;0;14113498;0
322;T55567 TIMELESS LUXERY PRODUCTS;26048125;16064637;26048125
323;T7000025 “Œ–√—≈–¬»— ’’I ¬≈  OOO;0;11305401;0
324;T77715 “Ã’‘ √–”œœ;0;15082379;0
325;T98765  –≈ÃÀ≈¬— »… “ƒ;0;16222223;0
326;TM1111 TIME&MORE E.K.;0;15949607;0
327;TM77717 TECHOMARINE;0;15880368;0
328;U00002 ﬁÕ»“Œ…—-Ã OOO;0;11116675;0
329;U00388 ŒŒŒ ‘»–Ã¿ ”Õ»“–ŒÕ;45123208;16223410;45123208
330;U10000 URVEST OOO;0;10903020;0
331;U20000 ﬁ¬≈À»–“Œ–√ OOO;0;11027029;0
332;U99999 U-TOYS;0;12067708;0
333;UM12338 OOO UNITOYS MSK;0;15924874;0
334;V0000004 ¬»Õ› —»Ã ŒŒŒ;0;12609408;0
335;V00001 VAGR OOO;0;10903021;0
336;V00137 OKKI ¬» “Œ–»ﬂ;0;16064640;0
337;V01000 VK OOO;0;10903024;0
338;V20032 VERSACE;0;16064644;0
339;V50170 ŒŒŒ ¬¿À≈Õ—»ﬂ › —œ–≈——;0;16223643;0
340;V75432 VALENTINO PUIG;0;16222233;0
341;VE2333 VERSUS;42578065;16143158;42578065
342;VH10001 ¬’ »ÃœŒ–“  ¿Ãœ¿Õ»;0;11688590;0
343;W00111 WHITE HALL;0;10903026;0
344;W54321 ¬≈À ŒÃ;0;14029982;0
345;WWF1234 WWF;0;14136269;0
346;Y10010 CALVIN KLEIN;0;16223579;0
347;Y12300 YSL BEAUTY;0;11728831;0
348;Y12345 ﬂÕ“¿–Õ¿ﬂ √–Œ«ƒ‹ ŒŒŒ;0;11446617;0
349;Z0000234 —Õ— «≈À≈ÕŒ√–¿ƒ;0;11421651;0
350;¿›–ŒÃ¿–;0;10971588;0
351;¡»¡» ŒÃ;0;16164141;0
352;¬» “Œ–»ﬂ;0;16222764;0
353;≈ƒ»Õ¿ﬂ ≈¬–Œœ¿ ’ŒÀƒ»Õ√;0;14008008;0
354;«¿Œ ¿›–Œ‘≈–—“;36919163;15598539;36919163
355;À≈ ŒÕ“;0;16222277;0
356;Ã16789 ŒŒŒ Ãﬂ√ »… Ã»–;0;14125565;0
357;Œ¡—»ƒ»¿Õ“;0;16223551;0
358;ŒŒŒ À¿ ÿ≈–» ¬Œ–Àƒ;0;16223661;0
359;–»ÿ›—;0;15233557;0
360;—00395 ŒŒŒ —-“–≈…ƒ;45124258;16223236;45124258
361;—12345 ŒŒŒ ‘»–Ã¿ —“¿Õ¡≈¬;0;15922984;0
362;—œ≈÷. ŒÕ—»√Õ¿÷»ﬂ;0;16222628;0
363;—“¿–€≈ œŒ—“¿¬Ÿ» »;0;15660793;0
364;“¡Õ “¿…Ã - ƒ»—“–»¡”÷»ﬂ;0;15946226;0
365;“Ã’‘;0;15115887;0
366;”ƒ¿À≈ÕÕ€… Œ‘»—;0;9662694;0
367;PR 123366 PREMIER PORTFOLIO;0;12489786;0
368;AM10001 A.MARTINI –»ÿ›—;0;15233565;0
369;AE3333 AEGNA;0;16222218;0
370;AP 12345 AGENT PROVOCATEUR-≈ƒ»Õ¿ﬂ ≈¬–Œœ¿;0;15640999;0
371;AN2014 ARIAL(NOVOSIBIRSK);0;16223067;0
372;P80000 ARMANI;0;14877523;0
373;AAT00001 ART ALIANCE TRADING;0;16222230;0
374;B23456 BALDESSARINI -≈ƒ»Õ¿ﬂ ≈¬–Œœ¿;0;14030123;0
375;B99999 BIOTHERM SKY;0;13672106;0
376;B56789 BOBBY BROWN;0;15980829;0
377;B00002 BONA CONFECTIONARY ZAO;0;10902898;0
378;B34567 BOSS - ≈ƒ»Õ¿ﬂ ≈¬–Œœ¿;0;14008004;0
379;B87452 BRIC'S;0;16150193;0
380;BR00005 BROSWAY;0;15979121;0
381;B13578 BVLGARY - ≈ƒ»Õ¿ﬂ ≈¬–Œœ¿;0;14008192;0
382;CH12345 C.HERRERA - ≈ƒ»Õ¿ﬂ ≈¬–Œœ¿;0;14008006;0
383;C34678 CALVIN KLEIN - ≈ƒ»Õ¿ﬂ ≈¬–Œœ¿;0;14008005;0
384;CA16543 CARNER OF BARCELONA œ¿–‘ﬁÃ œ¿À¿—;0;16222308;0
385;CE32100 CERRUTI - ≈ƒ»Õ¿ﬂ ≈¬–Œœ¿;0;15012418;0
386;C54320 CHLOE - ≈ƒ»Õ¿ﬂ ≈¬–Œœ¿;0;14008007;0
387;CO2222 CODELLO;0;16145612;0
388;—33311 COFFEE BREND DISTRIBUTION;0;13527375;0
389;CC87654 COMME DES GARCONS ≈ƒ»Õ¿ﬂ ≈¬–Œœ¿;0;15582048;0
390;C23456 COTY;0;15091267;0
391;C32165 CURAPROX;0;14888364;0
392;D35678 D&G - ≈ƒ»Õ¿ﬂ ≈¬–Œœ¿;0;14008010;0
393;E16100 DELSEY ELIT BAGS;0;16064646;0
394;DG23456 DOLCE&GABBANA - ≈ƒ»Õ¿ﬂ ≈¬–Œœ¿;0;14008124;0
395;E34567 ESCADA - ≈ƒ»Õ¿ﬂ ≈¬–Œœ¿;0;14030159;0
396;E11115 EUROITALIA DP;0;13085509;0
397;F15666 FERRAGAMO - ≈ƒ»Õ¿ﬂ E¬–Œœ¿;0;14008193;0
398;F55555 FRUITBERRY - ≈ƒ»Õ¿ﬂ ≈¬–Œœ¿;0;15263234;0
399;E17100 GIORGIO FEDON & FIGLI SPA;0;16222237;0
400;E55552 GIULIETTA CAPULETI EXILITY;0;16223569;0
401;G20304 GUCCI - ≈ƒ»Õ¿ﬂ ≈¬–Œœ¿;0;14008125;0
402;HD98765 HANSE DISTRIBUTION GMBH;0;15481552;0
403;AHK111 HELLO KITTY ARIAL;0;16223048;0
404;HK11111 HELLO KITTY –»ÿ≈—;0;15357863;0
405;I44444 ICE WATCH;0;15103684;0
406;I13567 ICEBERG - ≈ƒ»Õ¿ﬂ ≈¬–Œœ¿;0;14875506;0
407;I33333 INTEL MSK;0;16223195;0
408;JL22222 JACQUES LEMANS;0;15098136;0
409;JB00700 JAMES BOND ≈ƒ»Õ¿ﬂ ≈¬–Œœ¿;0;15582039;0
410;J11154 JUICY COUTURE - ≈ƒ»Õ¿ﬂ ≈¬–Œœ¿;0;15439137;0
411;K55543 K & K;0;16222221;0
412;K30013 KIMMI –»ÿ›—;0;15233568;0
413;K02000 KONDI-2000 OOO;0;10902948;0
414;LC23456 LACOSTE - ≈ƒ»Õ¿ﬂ ≈¬–Œœ¿;0;14008246;0
415;E15200 LAMARTHE ELIT BAGS;0;16222207;0
416;L65655 LANCASTER - ≈ƒ»Õ¿ﬂ ≈¬–Œœ¿;0;14116318;0
417;L0001 LANCOME DP SKY;0;11852186;0
418;MA252000 MAMIX;0;14050013;0
419;C99918 MCG CONSULTANTS;0;15401914;0
420;E55553 MIMMINA FLOWER EXILITY;0;16223570;0
421;M10555 MISAKI V.T.LTD;0;10902970;0
422;M56789 MOSCHINO - ≈ƒ»Õ¿ﬂ ≈¬–Œœ¿;0;14008128;0
423;NR12345 NINA RICCI - ≈ƒ»Õ¿ﬂ ≈¬–Œœ¿;0;14008129;0
424;PR23334 PACO RABANNE - ≈ƒ»Õ¿ﬂ ≈¬–Œœ¿;0;14008262;0
425;P52011 PANASONIC MARKETING CIS OY;0;15979893;0
426;PA55555 PARKER;0;15407860;0
427;O10004 PHILIPS DAP DIVISION;0;16222231;0
428;P66651 PRADA - ≈ƒ»Õ¿ﬂ ≈¬–Œœ¿;0;14382789;0
429;PT23456 PT SWITZELAND;0;15971533;0
430;P88888 PUIG SKY;0;15975548;0
431;IRISHBAR DP;0;10971587;0
432;R11133 RICH ¬» “Œ–»ﬂ;0;16222765;0
433;RC12345 ROBERTO CAVALLI - ≈ƒ»Õ¿ﬂ ≈¬–Œœ¿;0;15439549;0
434;R99999 ROSALKO-NEVA ZAO;0;13698064;0
435;S13579 SAG TRADING LLC;0;15964075;0
436;SH33333_SCHCHARD&FRIESE;0;16223050;0
437;S10333 SCORPIO TRAVEL RETAIL;0;11450576;0
438;S88888 SEEBERGER;0;16222282;0
439;S50005 SELDICO DIOR;0;13978112;0
440;S20002 SELDICO GIVENCHY;0;13978109;0
441;S30003 SELDICO GUERLAIN;0;13978110;0
442;S40004 SELDICO KENZO;0;13978111;0
443;S10001 SELDICO OLD;0;10903002;0
444;S99999 STETSON;0;16222281;0
445;TK11511 TBN KENNETH COLE;0;16223333;0
446;TA11511 TBN TIME(AEROWATCH);0;15946228;0
447;TG11511 TBN TIME(GALLIANO);0;15946229;0
448;TJ11511 TBN TIME(JOHN GALLIANO);0;15946230;0
449;T22299 TBN TIME(MOSCHINO);0;14115684;0
450;TS11511 TBN TIME(SEIKO);0;15946227;0
451;T76543 TINTAMAR;0;14832865;0
452;E55546 TORRE EXILITI;0;16165067;0
453;T4512SK TOSCOW;0;15975543;0
454;V54321 VALENTINO - ≈ƒ»Õ¿ﬂ ≈¬–Œœ¿;0;14344790;0
455;V32100 VERSACE - ≈ƒ»Õ¿ﬂ ≈¬–Œœ¿;0;14008191;0
456;WA55555 WATERMAN;0;15407861;0
457;W22222 WHTEHOUSE LEISURE LLP;0;14867976;0
458;AL55544 ¿À‹ “–≈…ƒ;0;16223429;0
459;AB55555 ¿–“ ¡¿«¿–;0;15347108;0
460;M33000 ¿—-Ã¿– ≈“;0;13441619;0
461;A23456 ¿—“-»Õ“≈–Õ›ÿÕÀ OOO;0;11269170;0
462;B55555 ¡≈Õ≈‘»“;0;16222627;0
463;B1212345 ¡»√ “–›…ƒ ŒŒŒ;0;13534474;0
464;V37000 ¬¿ÿ≈–ŒÕ “Œ–√Œ¬€… ¿À‹ﬂÕ— ŒŒŒ;0;16064642;0
465;V55545 ¬≈Õ— »… › —œ–≈——  ¿‘≈;0;15953951;0
466;SP12345 ¬€¡Œ– OOO;0;11418709;0
467;E22222 ≈¬–¿«»ﬂ;0;16223503;0
468;E10000 ≈ƒ»Õ¿ﬂ ≈¬–Œœ¿ ’ŒÀƒ»Õ√;0;10912753;0
469;C11110  Œ ¿- ŒÀ¿ ›…◊¡»—» ≈¬–¿«»ﬂ;0;10902911;0
470;A3400000  ŒÕ—“¿Õ“»ÕŒœŒÀ‹— ¿ﬂ;0;12708724;0
471;LG00037 À¿ ÿ≈–» √–”œœ;0;16223041;0
472;KM100000 Ã≈ƒ≈ﬂ;0;15601787;0
473;M44499 Ã≈–»ƒ»¿Õ “–≈…ƒ»Õ√;0;13539670;0
474;MIL1234 Ã»À¿–;0;15946888;0
475;NL654321 Õ≈ —»“ ÀŒ√»—“»  OOO;0;16064071;0
476;V12345 ŒŒŒ “œ  ´¬»ÀŒÕª;0;16037549;0
477;GR00026 ŒŒŒ  ŒÃœ¿Õ»ﬂ √–»Õ‘»Àƒ—;0;16034955;0
478;M71113 ŒŒŒ Ã¿––”——»ﬂ;0;16223418;0
479;A44441 ŒŒŒ ¿–ŒÕ¿;0;16223683;0
480;U10022 ŒŒŒ ”–≈Õ’ŒÀ‹“;0;13070299;0
481;A55555 ŒŒŒ  ŒÃœ¿Õ»ﬂ ¿ÀÀ»√¿“Œ–;0;16223425;0
482;H44525 ŒŒŒ ’Œ–≈ ¿ “–≈…ƒ—≈–¬»—;0;15904373;0
483;OP65433 Œœ“»Ã¿ œÀﬁ—;0;16222683;0
484;O33456 Œœ“»Ã¿“Œ–√ OOO;0;16064069;0
485;U00001 œŒƒ¿–Œ◊Õ€… “≈ —“»À‹;0;10903019;0
486;R00368 –≈ — “–≈…ƒ»Õ√ Œ¿Œ;0;16064643;0
487;C00002 —-2 ‘»–Ã¿ OOO;0;11076376;0
488;C00005 —¬  “ƒ «¿Œ;0;11041678;0
489;A75444 —“ŒÀ»◊Õ€… ﬁ¬≈À»–Õ€… «¿¬Œƒ;0;16038988;0
490;I54444 “  »Õ“≈À “–≈…ƒ;0;12584095;0
491;S.A.S. SONIA RYKIEL C. D. M;45124999;0;45124999
492;A.R.I.;36939811;0;36939811
493;A.R.I. OLD;10907183;0;10907183
494;A10012 ALFRED DUNHILL GMBH;10924100;0;10924100
495;A10016 ALFA-ALYANCE;10924088;0;10924088
496;A10018 ALFRED DUNHILL P&G;10907286;0;10907286
497;A10025 ALMAX;10924078;0;10924078
498;A10044 GLOBAL PROMOTIONAL SE;10907288;0;10907288
499;A10060 ABSOLUT CO;10907435;0;10907435
500;A10067 ART ALIANCE;10907241;0;10907241
501;A10067+ ART ALIANCE PLUS;10907342;0;10907342
502;A10068+ ART ALIANCE RBN;10907343;0;10907343
503;A10073 TIGER ELECTRONICS USD;10907546;0;10907546
504;A10076 ART-BOOKS LTD;10907242;0;10907242
505;A10076+ ART-BOOKS RBL;14278728;0;14278728
506;A10080 AMKA OY/AB;10924110;0;10924110
507;A10096 RUSSIAN SPIRIT GROUP;10907344;0;10907344
508;A10118 INFIFON B.V.;10907184;0;10907184
509;A10122 ARI-SHANNON EURO;10907436;0;10907436
510;A10200 AGROSECO;10924115;0;10924115
511;A11100 ARCOROS;10907289;0;10907289
512;A11112 ART-BOOKS;10907345;0;10907345
513;A12224 FINLANDIA VODKA - BF;10907437;0;10907437
514;A13970 ARK BELUGA OOO;37248649;0;37248649
515;A20008 ANTICA MURRINA SKY;10917382;0;10917382
516;A21234 AST;22341022;0;22341022
517;A33366 ALKOMIR OOO;10907290;0;10907290
518;A33880 ALD INT FASHION;10924112;0;10924112
519;A55516 ARTISAN ESTERK;21453663;0;21453663
520;A99996 ALMAZJEWELIR EXPORT;10924080;0;10924080
521;AB1111+ ABBYY;15182376;0;15182376
522;AEROFIRST;10924118;0;10924118
523;AEROMAR;10924082;0;10924082
524;AEROMAR_RBN;10907439;0;10907439
525;AL45115 ALOKOZAY F2E;10931266;0;10931266
526;AL88888 MASTER SERVICE COMPANY;33547545;0;33547545
527;ART ALLIANCE DELUX LTD;42829361;0;42829361
528;AS23456 THE ART OF SHAVING;31862246;0;31862246
529;B10001 BARAKA JEW - GENERLUX;10907346;0;10907346
530;B10003 BREADWINNERS;10924077;0;10924077
531;B10018 DEL BURBERRYS;10907347;0;10907347
532;B10041 BRAUN;10907294;0;10907294
533;B10055 BARDINET SA;10907348;0;10907348
534;B10062 BAUME & MERCIER SA;10907244;0;10907244
535;B10080 BLAVOD DRINKS LTD;10907547;0;10907547
536;B10081 BORIE-MANOUX WINES;10907388;0;10907388
537;B11111 TORGSERVICE XXI BABAEVSKOE;10907441;0;10907441
538;B11115 BALMAIN WATCH;10907185;0;10907185
539;B11555 BONA OOO;18666543;0;18666543
540;B12345 BALMAIN;10907389;0;10907389
541;B123456 BOLS SP.Z.O.O;23217598;0;23217598
542;B14674 BIOTHERM SKY;10922016;0;10922016
543;B20100 BARAKA WATCH;10923965;0;10923965
544;B25600 BEVERAGES & TRADING;10907550;0;10907550
545;B55533 BOTTEGA;45125360;0;45125360
546;B55545 BRONCES E.TORTOSA;10907551;0;10907551
547;B66650 BOUCHERON PBI;22567051;0;22567051
548;B68701 BACARDI GMBH;11381585;0;11381585
549;B89625 LUXOTTICA UK IRL;10907295;0;10907295
550;BD12345 BREITLING/DARROW GROUP;10907390;0;10907390
551;BJ12345 BJ FITZPATRICK & CO;10907245;0;10907245
552;BV10020 BOTTEGA VENETA COTY;45125243;0;45125243
553;BV12399 BVLGARY;28479158;0;28479158
554;C00011 CENTROPEL;10907349;0;10907349
555;C02376 DAVID CAMPARI;10907350;0;10907350
556;C100006 CARAN D'ARCHE;10907352;0;10907352
557;C10002 CARTIER INT YSL PRODUCTS;10924098;0;10924098
558;C10014 CRABTREE & EVELYN;10907246;0;10907246
559;C10033 CLARINS EXPORT DIVISION;10907489;0;10907489
560;C10035 CHATEAU DE COGNAC;10907186;0;10907186
561;C10036 CLARINS AZZARO;10907297;0;10907297
562;C10037 CLARINS THIERRY MUGLER;10907187;0;10907187
563;C10039 CLARINS PORSCHE DESIGN;20842771;0;20842771
564;C10052 CHANEL SKY;10907553;0;10907553
565;C10061 CHAMBORD;10923866;0;10923866
566;C10063 COGNAC FRAPIN;10907554;0;10907554
567;C10070 COCA-COLA REFRESHMENT;10907490;0;10907490
568;C10085 CHRONOLUX SA CHOPARD;10907188;0;10907188
569;C10260 CANON EURO;10907491;0;10907491
570;C11123 CARRERA WATCHES;10907392;0;10907392
571;C31803 CHRISTIAN DIOR SKY;10907298;0;10907298
572;C33343 CASIO ELECTR USD;10907247;0;10907247
573;C44434 CASIO ELECTR EURO;11072291;0;11072291
574;C54321 CASIO WATCHES;11062438;0;11062438
575;C60708 L CONNAUGHTON & SON;10907447;0;10907447
576;C77708 CIRCUS;20723886;0;20723886
577;C87452 A.T.CROSS LTD;10907448;0;10907448
578;C99989 CONNECT INT LTD;10907248;0;10907248
579;CA12345 CORPORATE AGENCIES LIMITED;38464910;0;38464910
580;CE17332 CENTAUR TRAVEL RETAIL;10907555;0;10907555
581;CK1234 CALVIN KLEIN WATCHES;10907493;0;10907493
582;CLARINS GROUP;12153978;0;12153978
583;CLINIQUE GROUP;12153976;0;12153976
584;COTY GROUP;12153979;0;12153979
585;CS12345 CASIO WATCHES;10907249;0;10907249
586;D0001 DISTILLERIA BOTTEGA;10907190;0;10907190
587;D00235 DEBRISE DULAC;26043240;0;26043240
588;D10003 DAVIDOFF INTERNATIONAL;10907250;0;10907250
589;D10026 DOMAINE LAROCHE;10923873;0;10923873
590;D10029 DURACELL BATTERIES NV;10907449;0;10907449
591;D10054 V.D BAUWEDE DARROW;10907354;0;10907354
592;D10055 JEAN MARCEL DARROW GR;10907494;0;10907494
593;D10056 FIDIA GIOIELLI S.P.A;10907450;0;10907450
594;D10057 FIORELLA GIOELLI;10907299;0;10907299
595;D10059 UNOAERRE;10907191;0;10907191
596;D10150 DARROW GROUP LTD;10907451;0;10907451
597;D11153 MAGERIT DARROW EURO;10907452;0;10907452
598;D11157 FIORELLA GIOELLI EURO;10907251;0;10907251
599;D12321 DUBEY & SCHALDENBRAND;10907252;0;10907252
600;D12345 DARROW GROUP SUNGL;10924117;0;10924117
601;D33000 DISPLAY DESIGN COMPANY;23281023;0;23281023
602;D33333 DNK OOO;10907453;0;10907453
603;D34567 DOLCE & GABBANA;10907355;0;10907355
604;D55555 DILAN JSC;10907192;0;10907192
605;D55570 DRIMLEKS;24814839;0;24814839
606;D56007 DELSEY;10907454;0;10907454
607;D65432 DMD GOLD COLLECTION;10907193;0;10907193
608;D66661 EVRASIA OOO;10907495;0;10907495
609;D99979 AMBASSADORS CHOICE;10924106;0;10924106
610;D99980 DRAMBUIE LIQUER CO;10907195;0;10907195
611;D99989 DUTY FREE SERVICES;10907301;0;10907301
612;DF0000 DUTY FREE;31966571;0;31966571
613;DK14775 DKNY WATCHES SKY;10907357;0;10907357
614;DUTY FREE SHOP - SHANNON;10907197;0;10907197
615;E10023 ESCADA SKY;10907253;0;10907253
616;E10038 ETUD UNION OF ARTISTS;10907496;0;10907496
617;E10050 ESSE;10907497;0;10907497
618;E11011 ESTERK LUX PARFUME;10907455;0;10907455
619;E14281 ESPERANTO VIN OOO;25958784;0;25958784
620;E18515 EUROITALIA SKY;10921244;0;10921244
621;E25700 ERGODATA;10907498;0;10907498
622;E33962 HUGO BOSS PARFUMS SKY EURO;10907302;0;10907302
623;E33967 BALDESSARINI P&G;11012333;0;11012333
624;E88898 ECTACO;10907198;0;10907198
625;E88899 ECTACO SKY;10907303;0;10907303
626;EMBORG EMBORG AO RBN;10907360;0;10907360
627;EMBORG USD;10907256;0;10907256
628;ESTERK PARFUM ŒŒŒ;41947843;0;41947843
629;EUROITALIA;20809920;0;20809920
630;EV16775 EVRASERVIS OOO;11143601;0;11143601
631;F10017 DEL FASHION FLO LTD;10907393;0;10907393
632;F11110 FREDERIQUE CONSTANT;10907500;0;10907500
633;F11123 FANAGORIYA TD;10907501;0;10907501
634;F12222 FOSTERS;10907257;0;10907257
635;F12345 FOSSIL;10907304;0;10907304
636;F33311 FREY WILLE;10907558;0;10907558
637;F33312 M.FREY WILLE FASHION;11104974;0;11104974
638;F33322 M.FRAY SKY;10907199;0;10907199
639;F45730 FRANCESCO SMALTO;10907305;0;10907305
640;F88999 FURLA;11012386;0;11012386
641;FER123 FERRERO TRADING LUX;25873704;0;25873704
642;FF33551 FOLLI-FOLLIE WATCHES;10907394;0;10907394
643;G10002 GIVENCHY COUTURE EURO;10907502;0;10907502
644;G10004 DEL GIVENCHY FFR;10923865;0;10923865
645;G10016 GUESS - IBB B.V.;10907503;0;10907503
646;G10036 GODIVA S.A. BELGIUM;10907559;0;10907559
647;G10037 GUYLIAN NV/SA;10907258;0;10907258
648;G10044 GOLDMAJOR LTD;10907561;0;10907561
649;G10046 GUESS - IBB SKY;10907395;0;10907395
650;G11100 GK GROSS OOO;10907361;0;10907361
651;G11111+ GALEREYA BLAGOLEPIYA;15106113;0;15106113
652;G122333 GROSSE JEW SKY;10907306;0;10907306
653;G19253 GROSSE UK LTD;10907201;0;10907201
654;G29001 GRADIENT;10969784;0;10969784
655;G33315 ANNICK GOUTAL ESTERK;21453622;0;21453622
656;G333666 GOLDKENN;11139624;0;11139624
657;G55545 GENERLUX TRADING SA;10907259;0;10907259
658;G73611 W.GRANT & SONS;10907202;0;10907202
659;G88898 GLENMORANGE;11106590;0;11106590
660;G93125 GUERLAIN SKY;10907396;0;10907396
661;G98765 GOURJI ITALY(EURO);35051453;0;35051453
662;GG12345 GOLDEN GRAIL LTD;10907203;0;10907203
663;GREATWELL INVESTMENTS LTD;36940093;0;36940093
664;GU12345 SOCRAFI SERVICES SA;10907362;0;10907362
665;H10001 HUGO BOSS FASHION SKY;10907260;0;10907260
666;H10002 HASBRO HUNGARY LTD;10907261;0;10907261
667;H10018 HARRISON MUSIC IRL;10907307;0;10907307
668;H10023 HENNESSY COGNAC;10907204;0;10907204
669;H10027 HERMES FASHION;10907205;0;10907205
670;H10034 HARRISON VIDEO USD AC;10923892;0;10923892
671;H10052 HERMES SKY;10922001;0;10922001
672;H10053 HERMES PARFUMS;10907206;0;10907206
673;H10055 HARRISON HUNTER;10907308;0;10907308
674;H10063 HARRISON MUSIC USD;10907456;0;10907456
675;H10065 HARRISON MUSIC STG;10923851;0;10923851
676;H10066 DEL MANBOW FINANCE;10907562;0;10907562
677;H22222 HASLACH GMBH;10907563;0;10907563
678;H45812 HAMMER+SOHNE;10907564;0;10907564
679;H50050 T.HILFIGER E.LAUDER;10907363;0;10907363
680;H99999 ED HARDY;15218200;0;15218200
681;I10011 IBB;10907364;0;10907364
682;I10050 IBB UK;10907505;0;10907505
683;I10099 IRAKLIS KALLISTHENIS;10907397;0;10907397
684;I10111 ARTIS ORBIC - IRISH D;10907309;0;10907309
685;I11112 ISA SPA;10907506;0;10907506
686;I23456 ISF INTERNATIONAL SPIRITUS FORUM GMBH;12608284;0;12608284
687;I42782 IRISH DRESDEN;10907310;0;10907310
688;IFD001 IFD LIMITED;22584136;0;22584136
689;IRISHBAR;10907207;0;10907207
690;J10027 JACOBS SUCHARD DM ACC;10907311;0;10907311
691;J10029 JANNEAU;10907398;0;10907398
692;J33456 JSL SPEDITION GMBH;10923361;0;10923361
693;J44411 JOHN VARVATOS ESTERK;23830921;0;23830921
694;J78321 JAPAN TOBACCO INT CO;10907565;0;10907565
695;J88833 JOSE CUERVO;45125361;0;45125361
696;J99998 MONDELEZ WORLD TRAVEL RETAIL LLC;10907312;0;10907312
697;JF12345 JACQUES FAREL;33687151;0;33687151
698;JFM PREMIUM PRODUCTS SARL;33274098;0;33274098
699;JK34211 JACQUES LEMAN WATCHES;10907366;0;10907366
700;JSL SPEDITION;36919351;0;36919351
701;K KARL LAGERFELD;22575125;0;22575125
702;K00001 KOALA WINES;10923930;0;10923930
703;K00002 TRAFALGAR FOODS;10907399;0;10907399
704;K10000 KASKAD OOO;19155871;0;19155871
705;K10028 KENZO PARFUMS;10907313;0;10907313
706;K10029 KENZO SKY;10907263;0;10907263
707;K10030 KAZUMIAN BELGIUM BVBA;10907314;0;10907314
708;K10047 KASMET SHASTYE;10907458;0;10907458
709;K11011 KOLBER WATCHES;10907315;0;10907315
710;K12345 KENZO JEW SKY;10907400;0;10907400
711;K15300 KONZERN GROUP SOYUZ;10924091;0;10924091
712;K15300+ KONZERN GROUP SOYUZ;10907209;0;10907209
713;K20330 KAVALLARIS A LTD;10907567;0;10907567
714;K23456 N.R.G. KOLOS CORPORATION OOO;21740298;0;21740298
715;K33355 KORONA OOO;23815605;0;23815605
716;K34567 K KARL LAGERFELD;22573305;0;22573305
717;K35818 KAMCHADAL ZAO;21946809;0;21946809
718;K50050 KONSTANTINOPOLSKAYA;10907367;0;10907367
719;K55543 K&K;24141551;0;24141551
720;K55555 KIPLING EUROPE DIVISION;10907401;0;10907401
721;K66666 KONFAEL JCS;10907210;0;10907210
722;K99988 NANSECK KRAUS & CO;10907402;0;10907402
723;K99996 ODINTSOVSKAYA COND FABRICA;10907568;0;10907568
724;KL12345 KEEL TOYS;32311264;0;32311264
725;KO22215 KONIC OOO;26194156;0;26194156
726;KZ139 KENZO JEW;10907211;0;10907211
727;KZ6666 KENZO FASHION;11039705;0;11039705
728;L'OREAL;12143309;0;12143309
729;L00000 ESTEE LAUDER DKNY SKY;10907212;0;10907212
730;L00002 ESTEE LAUDER CLINIQUE;10907213;0;10907213
731;L00004 MICHAEL KORS E.LAUDER;10923929;0;10923929
732;L00005 ARAMIS E.LAUDER;10907403;0;10907403
733;L00006 MISSONI E.LAUDER;11584055;0;11584055
734;L02057 ARDEN LAGERFELD;10907265;0;10907265
735;L02058 ELIZABETH ARDEN SKY;10907404;0;10907404
736;L10001 LLADRO;10907317;0;10907317
737;L10003 LANVIN EURO;10907368;0;10907368
738;L100050 LA POUYADE;10907569;0;10907569
739;L10007 LONDON PEARL COMPANY;10907510;0;10907510
740;L10030 LA SETA MANTERO;10907511;0;10907511
741;L10031 LA SETA MANTERO SKY;10907407;0;10907407
742;L10047 LOUIS ROEDERER S.A.;10907214;0;10907214
743;L11112 LULU GUINNESS SKY;10907216;0;10907216
744;L11119 LF CONSALTING LTD;10920039;0;10920039
745;L12000 LIBERTY;10923957;0;10923957
746;L14808 LANCEL SKY;10907408;0;10907408
747;L16872 ESTEE LAUDER PARFUME;10907266;0;10907266
748;L16873 ESTEE LAUDER SKY;10907319;0;10907319
749;L20014 LANCASTER SKY;10907570;0;10907570
750;L33312 LEXIIM OOO;32095286;0;32095286
751;L33356 LADOGA;37950582;0;37950582
752;L40433 LONGINES;10907217;0;10907217
753;L55545 LUXOTTICA EURO;10907320;0;10907320
754;L70583 LIR CHOCS MARY WHITE;10924096;0;10924096
755;L76543 LANVIN SUNGLASSES;33716588;0;33716588
756;L88888 GRAND CITY OOO;10924079;0;10924079
757;L99989 LEGO OVERSEAS A/S;10907513;0;10907513
758;LA55516 LAMY-ALD INT;24329398;0;24329398
759;LES CONTES;40530128;0;40530128
760;LG3333+ LINIYA-GRAFIK ZAO;20251636;0;20251636
761;LL1234 LOLITA LEMPICKA ESTERK;24224617;0;24224617
762;LU124 LUKAS;10907571;0;10907571
763;LVMH;24207805;0;24207805
764;LW20005 LOEWE PERFUMES;29202341;0;29202341
765;M00001 MONT BLANC P&G;10907459;0;10907459
766;M00056 PRICILLA CHAN;10924083;0;10924083
767;M10010 MOBILE ENERGY;10940038;0;10940038
768;M10043 MONT BLANC INT BV;10907460;0;10907460
769;M10045 MEUKOW FELINE COGNAC;10907321;0;10907321
770;M10049 MARS HOLLAND;10924084;0;10924084
771;M10052 M.BOWMORE SCOTCH WHISKY;10924092;0;10924092
772;M10066 MS HOLDING AMBER;10924085;0;10924085
773;M10066+ MS HOLDING PLUS;10924081;0;10924081
774;M10088 MARNE & CHAMPAGNE DIFFUSION;10924086;0;10924086
775;M10092 MEISER CONSULTANCY;10907574;0;10907574
776;M10094 MARKET CONNECTION EURO SKY;10924104;0;10924104
777;M10095 WRIGHT MARKET CONN JEW;10924103;0;10924103
778;M10097 MOET & CHANDON;10907575;0;10907575
779;M10980 MAJORICA EURO;10907324;0;10907324
780;M11100 MARC ROZIER;10907514;0;10907514
781;M11111 C.I.T.A.;10907515;0;10907515
782;M11194 MARKET CONNECTION USD SKY;10924105;0;10924105
783;M11555 MANCERA ESTERK;32455976;0;32455976
784;M12333 MARCO FANTINI;10970781;0;10970781
785;M12345 MAJORICA PSTA SKY;10907219;0;10907219
786;M12346 STARY MASTER OOO;10924116;0;10924116
787;M13579 MDB TE GROUP;10907576;0;10907576
788;M15360 MANAKAS;10907577;0;10907577
789;M16789 Ãﬂ√ »… Ã»– OOO;27137465;0;27137465
790;M33312 AS-MARKET;23768789;0;23768789
791;M44118 MARCO POLO;10907517;0;10907517
792;M47777 MILUS WEINER WATCH GROUP;13595690;0;13595690
793;M51047 MISAKI VT LTD SKY;10907414;0;10907414
794;M54321 MARCOLIN;10907415;0;10907415
795;M55511 TOBACCO MARKETING MU;19116074;0;19116074
796;M73579 RAYMOND WEIL WATCHES;10907270;0;10907270
797;M88888 MAGESTIC IMPEKS OOO;10923966;0;10923966
798;M99979 MATTEL EUROPA;10907518;0;10907518
799;M99980 MAJORICA S.A.;10907579;0;10907579
800;N10002 N.RICCI COUTURE EURO;10907220;0;10907220
801;N10003 N.RICCI COUTURE FFR;10923906;0;10923906
802;N10011 SAFILO;10907519;0;10907519
803;N10020 NUOVA MOKAS SRL;10923864;0;10923864
804;N10022 N.RICCI SKY;10907520;0;10907520
805;N10031 NORIKO IRELAND LTD;10907326;0;10907326
806;N12333+ NASLEDIE;21910627;0;21910627
807;N12345 NASLEDIE OOO;22422552;0;22422552
808;N15150 NEMIROFF COMPANY;10907271;0;10907271
809;N15336 NIKE LLC (RUSSIA);14325868;0;14325868
810;N34420 NESTLE WORLD TRADE;10907521;0;10907521
811;NAVI PLU;41947840;0;41947840
812;NB0001 NOUVELLE BAGUE;36316569;0;36316569
813;O10001 ORO VITCHENZA;10907522;0;10907522
814;O10005 CAROLE PLUS GOLDOAK;10907272;0;10907272
815;O10006 MERAKETECH;10907416;0;10907416
816;O10096 CLARISONIC PBI;45121114;0;45121114
817;O20770 OST-ALKO;10907371;0;10907371
818;O99911 OLD PARFUME;25883873;0;25883873
819;O99999 OAKLEY;15218729;0;15218729
820;OX162 OXYGEN SKY;10907327;0;10907327
821;P&G;12143016;0;12143016
822;P00555 PEPSI CO;10907372;0;10907372
823;P05322 PACO RABANNE SKY;10907273;0;10907273
824;P10001 PREMIER PORTFOLIO EURO SKY;10907462;0;10907462
825;P10055 VALORA TRADE DENMARK;10907526;0;10907526
826;P10078 CACHAREL PBI;10907274;0;10907274
827;P10079 RALPH LAUREN PBI;10907329;0;10907329
828;P10080 GIORGIO ARMANI PBI;10907463;0;10907463
829;P10081 PALOMA PICASSO PBI;10907222;0;10907222
830;P10082 GUY LAROCHE PBI;10907417;0;10907417
831;P10099 HELENA RUBINSTEIN PBI;10907275;0;10907275
832;P10780 CACHAREL PBI SKY;10907418;0;10907418
833;P10800 GIORGIO ARMANI PBI SK;10907223;0;10907223
834;P10997 LA PRAIRIE SKY;10922057;0;10922057
835;P11000 POLYOT WATCHES;10907582;0;10907582
836;P11100 PRADA SKY;10907527;0;10907527
837;P11111 PORTSELAN;10907583;0;10907583
838;P11112 PIA PRETOR;10907419;0;10907419
839;P12345 P.KOASTAS & CIE EVEE;10907464;0;10907464
840;P14673 LANCOME PBI;10907584;0;10907584
841;P14674 L'OREAL PBI SKY;10907585;0;10907585
842;P15548 CARTIER PARFUME;10907276;0;10907276
843;P15789 PROGRESS-PLUS OOO;18424894;0;18424894
844;P17290 GIVENCHY PARFUMS;10907420;0;10907420
845;P17291 GIVENCHY SKY;10907465;0;10907465
846;P18784 ARDEN LAGERFELD OLD;10923902;0;10923902
847;P55511 EL PACO;16821329;0;16821329
848;P98999 ORCHID COMPANY;10907421;0;10907421
849;P99989 PASCO GMBH;10907224;0;10907224
850;P99997 PANASONIC C/S;10907467;0;10907467
851;P99999 PAT SAYS NOW;13034660;0;13034660
852;PAL ZILERI GROUP;42767489;0;42767489
853;PC10001 CARTIER WATCHES;10907468;0;10907468
854;PC10002 CARTIER JEWELLERY;10907225;0;10907225
855;PD11234 PREMIER DRINK;10907331;0;10907331
856;PL33515 PORTOLANO GUANTI;10967454;0;10967454
857;PM 12399 PARRIS MONTE CARLO (À¿ ÿ≈–»);45125410;0;45125410
858;PR0001 PREMIER PORTFOLIO USD SKY;10907422;0;10907422
859;PU23888 PUCCI VIVARA/VARIAZIONI/MISS PUCCI;24207678;0;24207678
860;R00101 ROSA ROSE GOLD;10907226;0;10907226
861;R10001 RUSAGROTORG MOSCOW;10907529;0;10907529
862;R10017 ROLNIK PUBLISHERS;10907423;0;10907423
863;R10024 MARTINI-BACARDI;10907530;0;10907530
864;R10047+ BIONT LTD RBN;10924126;0;10924126
865;R10053 REMY MARTIN;10907533;0;10907533
866;R10058 NIAGARA FOODS;10907534;0;10907534
867;R10063 RENE CUSACK LTD;10923891;0;10923891
868;R10068 RONSON INT USD LTD;10907278;0;10907278
869;R12345 RUSSIAN OSETR;22575112;0;22575112
870;R12369 RADO WATCHES;10907424;0;10907424
871;R16900 ITIL (REEMTSMA INT);10907469;0;10907469
872;R22222 RUSSIAN OSETR - ADYGEYA OOO;23023836;0;23023836
873;R25255 ROTOR HOUSE;32030767;0;32030767
874;R55545 ROBERTA DI CAMERINO GENERLUX;10933449;0;10933449
875;R76234 ROUGIE;10923886;0;10923886
876;R89732 RUSS BERRIE UK LTD;10907374;0;10907374
877;S&S5421 SEA & SKY SUPPLY;10907279;0;10907279
878;S00010 SCHABAK;10907587;0;10907587
879;S01607 SHISEIDO EUROPE;10907536;0;10907536
880;S03854 COSMOPOLITAN COSMETIC;10907538;0;10907538
881;S10002 SIBER HEGNER GIVENCHY;10907375;0;10907375
882;S10012 SOLVAR;10907376;0;10907376
883;S10014 SAMSONITE EUROPE;10907377;0;10907377
884;S10067 SHEAFFER;10907227;0;10907227
885;S10073 ALTADIS;10907588;0;10907588
886;S10089 SWEET TALK CONFECTION;10907426;0;10907426
887;S10093 SWISHER INT LTD ARI;10907427;0;10907427
888;S10103 STORCK INTERNATIONAL;10907228;0;10907228
889;S10113 SENSUS;10907280;0;10907280
890;S10133 SWAROVSKI JEWELLERY;10907281;0;10907281
891;S10137 SWATCH GROUP UK;10907282;0;10907282
892;S10201 STAR CASE;10907333;0;10907333
893;S10333 SCORPIO SKY EURO;10907378;0;10907378
894;S11001 SILHOUETTE INT;10907471;0;10907471
895;S11223 SCORPIO SKY USD;10907283;0;10907283
896;S12345 SNIPE BRANDS;10907334;0;10907334
897;S15450 SPLVZ OOO;10907380;0;10907380
898;S20030 SPI SPIRITS CYPRUS;10907335;0;10907335
899;S30030 STELLA MCCARTNEY PBI;22552919;0;22552919
900;S33333 SOUNDLINE;10912490;0;10912490
901;S55666 SCORPIO PARFUME;28821048;0;28821048
902;S57279 SOLATREX CITIZEN;10907472;0;10907472
903;S59555 TECHSOYUZ SONY/KONICA USD;10907229;0;10907229
904;S70216 OMEGA WATCHES;10907381;0;10907381
905;S84443 SWAROVSKI SKY;10907336;0;10907336
906;S99989 SWAROVSKI SILVER CRYSTAL;10907473;0;10907473
907;S99999 SKYSHOP PARF OLD;10907474;0;10907474
908;SCH123 EUGEN SCHOFER GMBH;10907337;0;10907337
909;SHISEID0;45123389;0;45123389
910;ST0000 STEP GROUP OOO;10907475;0;10907475
911;ST12345 TAMBER SP;10907476;0;10907476
912;SUPPLIERS 01 (LIQUORS);25344343;0;25344343
913;SUPPLIERS 05 (FASHION / ACCESSORIES);25344339;0;25344339
914;SUPPLIERS 09 (SOUVENIRS / MUSIC / BOOK);25344328;0;25344328
915;SUPPLIERS 14 (TOYS);25344254;0;25344254
916;SUPPLIERS 16 (TRAVEL);25344255;0;25344255
917;SUPPLIERS 99 (IRISH BAR);25344253;0;25344253
918;SUPPLIERS OLD;25258383;0;25258383
919;SVO1112 SHEREMETEVO PROCESSING OOO;45120571;0;45120571
920;T10000 TASHIA;10907230;0;10907230
921;T10044 THOMAS HINE COGNAC;10907231;0;10907231
922;T10050 TOMS CONFECTIONERY;10923839;0;10923839
923;T10067 DOLCE & GABBANA WATCH;10907233;0;10907233
924;T10075 T&T CO;10907477;0;10907477
925;T12345 TOMAS SABO SILVER;10907429;0;10907429
926;T20010 TARGUS EUROPE LTD;10907478;0;10907478
927;T23456 TUMI SKY;10922579;0;10922579
928;T32759 TEXIER;10907430;0;10907430
929;T55545 PAUL & SHARK;10907382;0;10907382
930;T65545 TONUS ŒŒŒ;43255373;0;43255373
931;T78999 TROIKA;10907234;0;10907234
932;T81379 TISSOT WATCHES;10907235;0;10907235
933;T99993 TSANIKIDIS NIDDASTRASSE;10907383;0;10907383
934;TAG1234 TAG HEUER WATCHES;10907236;0;10907236
935;TD11757 SWK TD;10907479;0;10907479
936;TMXF GR;36154933;0;36154933
937;TR12345 TRAVELTELECOM;10923967;0;10923967
938;U11111 UNITOYS OOO;11352618;0;11352618
939;U12222 U.TOYS;15105661;0;15105661
940;U14222 DIAGEO UDV+BAILEYS;10907338;0;10907338
941;U22211 URENHOLT OOO;21961992;0;21961992
942;U55555 UNIT;30392527;0;30392527
943;U86366 UNDERBERG;10907179;0;10907179
944;V000003 LEIXLIP;10907180;0;10907180
945;V10003 OCEAN+ TD;10907482;0;10907482
946;V10013 VAN DYCK BELGIAN CHOC;10923867;0;10923867
947;V10021 VICTORINOX;10907181;0;10907181
948;N66656 ◊»—“Œ≈ Õ≈¡Œ;0;16222844;0
949;E10001 › —œŒ—≈–¬»— OOO;0;10908930;0
950;E20002 › —œŒ“–≈…ƒ ŒŒŒ;0;14183052;0
951;E25555 ›À»“ ¡›√« (CK);0;16223530;0
952;A00100 ›Ã¡Œ–√;0;10971590;0
953;B14270 ¡–¿«»— ÀŒ√»—“» ;0;16223699;0
954;V10046 VEUVE CLIQUOT PONSARDIN;10907284;0;10907284
955;V11011 VAN GILS;10907540;0;10907540
956;V11111 VREMENA GODA;10907483;0;10907483
957;V12002 VEL OOO;10907182;0;10907182
958;V33311 VASCO INT SARL;18399637;0;18399637
959;V33344 ITALCOM;10907339;0;10907339
960;V55331 VERBILKI PORCELAIN WORKS;29007930;0;29007930
961;V58888 VINEXIM OOO;19139930;0;19139930
962;V777771 VISTTORG OOO;22445833;0;22445833
963;V87654+ VESTA TRADE;31862360;0;31862360
964;W00111 WHITE HALL CENTER;10907541;0;10907541
965;W10011 WILLIAM LUSTY LTD;10924101;0;10924101
966;W10031 WALKERS SHORTBREAD;10923889;0;10923889
967;W10038 WORLDBEST CIGARS;10907543;0;10907543
968;W10040 HENRY WINTERMAN SIGAR;10907384;0;10907384
969;W30750 WATERFORD GLASS LTD;10907544;0;10907544
970;W59120 JIM BEAM BRANDS;10907431;0;10907431
971;W77777 WEITNAUER DISTRIBUTION LTD;45125374;0;45125374
972;Y10009 MAJORICA SKY;10907340;0;10907340
973;Y10013 IBB 10907432;10907432;0;10907432
974;Y10018 REAKAM INC;10923870;0;10923870
975;Y10023 VALENTINO P&G;10907239;0;10907239
976;Y66649 YSL SKY;10907433;0;10907433
977;ZD12345 ZENITH WATCHES;10907484;0;10907484
978;¬»“¿-¬ «¿Œ;41947844;0;41947844
979;»«À»ÿ »;10902799;0;10902799
980;»À‹»Õ¿;44513336;0;44513336
981; Œ–Õ≈–€;45120951;0;45120951
982;Ã»Õ»”Ã;45125193;0;45125193
983;œ–Œ»«¬Œƒ»“≈À‹;45125000;0;45125000
984;–Œ——»…— »≈ œŒ—“¿¬Ÿ» »;29784619;0;29784619
985;›—“≈– œ¿–‘ﬁÃ;21453536;0;21453536
986;AB9999+ AEROBRIDGE UNION;39373863;15861076;39373863
987;A03333 AGATHA;32030763;15061294;32030763
988;AR10016 AGATHA RUIZ DE LA PRADA PUIG;21046073;16223624;21046073
989;O45566 AJ ARABIA Œ¡—»ƒ»¿Õ“;45124635;16223552;45124635
990;AJ00001 AJMAL;45124188;0;45124188
991;AJ5545 ALEXANDRE J Ã»Õ»”Ã;45123556;16222783;45123556
992;A54321 ALLIED BRANDS;22424977;0;22424977
993;AO12345 ALYSON OLDOINI INTERLUX 2;45125271;0;45125271
994;I65432 ALYSON OLDOINI. INTERLUX;45123572;16222786;45123572
995;A44444+ AMADEUS;12922092;0;12922092
996;O65321 AMOUAGE Œ¡—»ƒ»¿Õ“;37985082;16147160;37985082
997;AM11111 ANTHIME MOULEY;43333871;0;43333871
998;AS33354 ASHFORD;45124219;0;45124219
999;M10096 AYDYA LTD TRAVALO MC;45121261;15981555;45121261
1000;B99911 BAIKAL JSL;45120829;0;45120829
1001;B69870 BALLY SA I VIA INDUSTRIA;43359682;0;43359682
1002;R63835 BAT INTL (ROTHMANS INT);10907332;0;10907332
1003;BE56565 BEGEMOT;45120899;0;45120899
1004;B33333 BELVEDERE;28366568;0;28366568
1005;B14673 BIOTHERM PBI;10907549;14348260;10907549
1006;B51551 BISQUIT COGNAC;30663658;0;30663658
1007;BS55545 BODY SHOP;43252561;16222668;43252561
1008;B11555 BONA 000;18666543;12499656;18666543
1009;B95137 BRACCIALINI;42521050;0;42521050
1010;B10044 BROWN FORMAN BEVERAGE;10907440;0;10907440
1011;R10060 BVLGARI;10907277;16032127;10907277
1012;Y10010 CALVIN KLEIN UNILEVER COTY;10907285;0;10907285
1013;C05723 CAMUS INTERNATIONAL;10907391;0;10907391
1014;IL98765 CARON »œ »À‹»Õ¿;42548796;15962875;42548796
1015;C10023 CARRERA JEWELLERY;10907488;0;10907488
1016;C10031 CARTIER INT FASHION;10907552;0;10907552
1017;C96385 CEDC;42829327;0;42829327
1018;C55555 CELLCOSMET & CELLMEN;31846685;0;31846685
1019;L10055 CHAMPAGNE LAUREN PERRIER;10907215;0;10907215
1020;L10013 CHLOE COTY;10907406;16223587;10907406
1021;C31805 CHRISTIAN DIOR;10907189;15316079;10907189
1022;C21212 CHURCHILLS;28487171;14832869;28487171
1023;CK11111 CK WATCH & JEW CO;20820656;0;20820656
1024;C10032 CLARINS SWAROVSKI;28413105;0;28413105
1025;C10020 CLINIQUE E.LAUDER;10907445;0;10907445
1026;—76123 CLOUDZ TRAVEL ACCESSORIES;45121166;16222284;45121166
1027;C11223 COCCINELLE;45124331;0;45124331
1028;CO78404 COCOROSE;37872437;0;37872437
1029;A25555 CONSTELLATIONS BRANDS SCHENLEY INC;28142960;0;28142960
1030;CM00006 CREME DE LA MER E.LAUDER;25775436;0;25775436
1031;C10300 CRISTALL-LEFORTOVO OOO;30320649;0;30320649
1032;D50010 D&G P&G;24892618;0;24892618
1033;R50938 DESIGN GO;10907586;10902943;10907586
1034;P10095 DIESEL PBI;12560437;0;12560437
1035;D30030 DOLCE & GABBANA MAKE-UP P&G;45123004;0;45123004
1036;L00001 DONNA KARAN E.LAUDER;10907316;0;10907316
1037;DZ55555 DREVO ZHIZNI OOO;42073729;15962795;42073729
1038;DU55545 DUC D`O;45123194;0;45123194
1039;DK33331 DYRBERG KERN;45123595;15981228;45123595
1040;E86421 EASTPAK;33678924;0;33678924
1041;E03033 EDOX;32653273;16080150;32653273
1042;ES12345 ELIE SAAB BPI;28431636;0;28431636
1043;E12345 ES.MOLECULES ESTERK;16904957;14122386;16904957
1044;E73621 ESCADA WATCHES;42750498;0;42750498
1045;I54333 F.BOCLET INTERLUX;44185425;16152907;44185425
1046;FB11123 F.BOCLET INTERLUX 2;45125270;0;45125270
1047;FP11111 F.PARTNERS OOO;34335099;0;34335099
1048;F66321 FAZER BRANDS INTERNATIONAL;45120563;0;45120563
1049;F35291 FENDI PARFUM;24207694;15968000;24207694
1050;FE1234 FENDI SILK SA;14416973;0;14416973
1051;FO45678 FOSSIL;36154934;0;36154934
1052;G55551 GANCIA;42565904;0;42565904
1053;GS12345 GOLDEN SPIRIT SA;39810224;0;39810224
1054;G54321 GOURJI (RUB);26082124;0;26082124
1055;G37123 GREATWELL INVESTMENTS LTD;17129947;0;17129947
1056;AD12468 GREENFIELD INTERVEST LTD;42565954;0;42565954
1057;G59870 GUCCI;42828643;0;42828643
1058;G93124 GUERLAIN PARFUMS;10907504;15981117;10907504
1059;H1234 HERMANN JOERSS;18537636;0;18537636
1060;H66500 HIBWAY LTD. T/A SAFFON SUPPLY SERVICES;45124563;16223555;45124563
1061;IL98766 HISTOIRES DE PARFUMES »œ »À‹»Õ¿;44513352;16164160;44513352
1062;IL98767 HOUBIGANT »œ »À‹»Õ¿;44513353;16164158;44513353
1063;E33961 HUGO BOSS P&G;10907254;0;10907254
1064;I55588 IAN MACLEOD DISTILLERS LTD;32456993;0;32456993
1065;V00112_ IMMAGINE S.R.L (VERSACE);15452243;0;15452243
1066;J10142 JAGERMEISTER;43914265;0;43914265
1067;J00007 JAMES BOND P&G;42793944;0;42793944
1068;J52222 JANEKE;24722453;0;24722453
1069;B10028 JEAN PAUL GAUTIER BPI;10907293;0;10907293
1070;S35353 JFM HELLO KITTY;32634464;0;32634464
1071;JV55555 JFM VICTORINOX;33274118;0;33274118
1072;A20033 JOHN RICHMOND EUROITALIA;28446164;0;28446164
1073;JL11115 JUDITH LEIBER ESTERK;36594517;0;36594517
1074;J12345 JUPITER OOO;23738398;0;23738398
1075;K65432 KAGANSKI & CO GMBH;37442640;0;37442640
1076;K56999 KASKAD LOGISTIC;26205725;0;26205725
1077;K54321 KIEHL'S PBI;26182997;0;26182997
1078;KI12345 KINSKI ESTERK;37509375;0;37509375
1079;KF33315 KORLOFF INTERLUX 2;45125272;16223620;45125272
1080;M54789 LA MARQUISE;34274819;0;34274819
1081;LA33312 LAMARTIS;45120901;0;45120901
1082;L10014 LANCASTER COTY;25616944;0;25616944
1083;L99908 LANCEL BOUTIQUE;30771147;0;30771147
1084;A77332 L'ATELIER;45121220;0;45121220
1085;L44115 LAVIANA ART LIMITED;43147037;0;43147037
1086;LC0001 LES CONTES;40531999;15358688;40531999
1087;L99999 LES COPAINS (BVM);22245319;0;22245319
1088;L17000 LIFETRONS;45121260;15975634;45121260
1089;L54321 L'OCCITANE;20475049;14867972;20475049
1090;LP22222 L'OREAL PARIS;29342664;13934538;29342664
1091;L13579 LUDING OOO;34495127;15840663;34495127
1092;MT12345 MAGIC TEXTILE TRADING LTD;39279514;0;39279514
1093;M87654 MAISON MARTIN MARGIELA PBI;37221726;0;37221726
1094;M88899 MARCHON UK LTD;10923909;0;10923909
1095;M99945 MARKA;44667433;0;44667433
1096;M22223 MARUSYA BEVER RUSS OOO;25951767;0;25951767
1097;E55547 MASQUE EXILITY;44514880;16165068;44514880
1098;M99999 MAUI JIM SUNGLASSES;13641521;0;13641521
1099;M55555 MAV;40529713;0;40529713
1100;M99989 MAXXIUM TRAVEL RETAIL;10907325;0;10907325
1101;M12456 MEDVED TD OOO;40267364;0;40267364
1102;M75321 MEIRA T;42567702;0;42567702
1103;IL98768 MEMO »œ »À‹»Õ¿;44513354;16164156;44513354
1104;MP55555 MEPI;15934937;13934708;15934937
1105;MHCS001 MHCS-SERVICE CLIENT&OPERATIONS LOGISTQUES;22297157;0;22297157
1106;M20002 MONTBLANC SIMPLO GMBH;10907269;0;10907269
1107;M20031 MOSCHINO EUROITALIA;19241819;16064645;19241819
1108;R35840 N.RICCI PUIG;10907535;16157275;10907535
1109;N55555 NAT OOO;32300083;0;32300083
1110;NF1055 NEFT VODKA DISTRIBUTION LLC;39883260;0;39883260
1111;OK00364 OB KONDITERY OOO;43239345;15981118;43239345
1112;A12345 OOO AUGUST GROUP;45124718;11254622;45124718
1113;E12468 ESTERK;25843088;16223481;25843088
1114;BIK1113 OOO BIK;45124232;16223339;45124232
1115;D12329 OOO √  ƒ¿…ÃŒÕƒ;43267543;0;43267543
1116;L10020 OPI COTY;38035218;0;38035218
1117;OV55550 OVERSEAS;45124213;0;45124213
1118;P85858 PAL ZILERI;16332029;0;16332029
1119;P65656 PAL ZILERI LAB;45120830;0;45120830
1120;P99988 PATRON SPIRIT COMPANY;16584038;0;16584038
1121;E55551 PECCATO EXILITY;45120567;16222203;45120567
1122;P97531 PERRIS MONTE CARLO INTERLUX;45125116;16223541;45125116
1123;W87655 PHILLIP MORRIS DISTRIBUTION LTD;26195404;0;26195404
1124;PI99999 PIANEGONDA;12336953;0;12336953
1125;P87654 POLICE TIME WATCHES;29316730;0;29316730
1126;P11115 PORTOLANO;14919314;0;14919314
1127;P77721 PRINCIPE;42767493;0;42767493
1128;IL98769 PRUDENCE »œ »À‹»Õ¿;44513355;16164157;44513355
1129;E55545 RAMON MOLVIZAR EXILITY;40173724;15855616;40173724
1130;R20012 RANCE;40530149;15233566;40530149
1131;C69999 RASKAT TD;35299122;0;35299122
1132;E10051 RATTI;10907359;0;10907359
1133;RB7777 ROBERTO BRAVO;44909073;0;44909073
1134;E55548 ROSE & CO EXILITY;44514881;16165069;44514881
1135;O86421 RSG TRADING LLP;45122971;0;45122971
1136;R55531 RUSSIAN CAVIAR HOUSE;30535632;0;30535632
1137;S03853 SCANNON / GUCCI P&G;10907425;16223232;10907425
1138;SC12345 SCORPIO TRAVEL RETAIL;13720558;16147138;13720558
1139;SF25836 SCUDERIA FERRARI;42567736;16222266;42567736
1140;S60017 SERGE LUTENS SHISEIDO;43209096;0;43209096
1141;E55549 SEVIGNE EXILITY;44514882;16165070;44514882
1142;M55545 SIA MONO;40062409;0;40062409
1143;SI1234 SISLEY;20248912;0;20248912
1144;SK55511 SKAGEN;42567128;0;42567128
1145;SB23333 SONYA BY;45120762;0;45120762
1146;S10116 ST.DUPONT;10907428;0;10907428
1147;ST65545 STROCHKOV IP;43255349;0;43255349
1148;S10134 SWAROVSKI WATCH;18455689;14012059;18455689
1149;SM12345 SWISS MILITARY - HANOWA;30337724;0;30337724
1150;SS00011 SWISS SMILE;25925276;15963513;25925276
1151;TD1175+ SWK;12978513;0;12978513
1152;TH76543 T.HILFIGER WATCHES;42567748;0;42567748
1153;T12468 TALIKA;44550935;14113498;44550935
1154;O55533 TDK (ORO GOLD);45125285;16223627;45125285
1155;TM77717 TECHNOMARINE;26195164;15880368;26195164
1156;TM1111 TIME & MORE E.K;42523062;15949607;42523062
1157;T87654 TMXF OOO;22606740;0;22606740
1158;T05555 TOCHKA OPORY+;28821448;0;28821448
1159;L00007 TOM FORD BEAUTY E.LAUDER;20257031;0;20257031
1160;T01015 TOM FORD PRIVATE BLENDS E.LAUDER;26043347;0;26043347
1161;T54321 TOVARITCH;43562369;0;43562369
1162;T66633 TUMI;42522400;0;42522400
1163;UM12338 UNITOYS MSK OOO;39829949;15924874;39829949
1164;V50909 VALENTINO PUIG;28935154;16222233;28935154
1165;V11112 VERSACE ESCALE HOLDING LTD;14051117;0;14051117
1166;V20032 VERSACE EUROITALIA;19229424;16064644;19229424
1167;P10085 VICTOR & ROLF PBI;10907373;14877525;10907373
1168;W10022 WBDF_ABSOLUT_HIBBERTS_OLD;16896563;0;16896563
1169;W10018 WBDF_CHIVAS BROTHERS LTD;10923832;0;10923832
1170;W10021 WBDF_HIBBERTS;10923827;0;10923827
1171;W10019 WBDF_HIBBERTS_WINE_OLD;10923877;0;10923877
1172;W10017 WBDF_IRISH DISTILLERS;10907542;0;10907542
1173;W10020 WBDF_MARTELL_HIBBERTS_OLD;10923838;0;10923838
1174;W87655 WEITNAUER DISTRIBUTION LTD;26195404;0;26195404
1175;W98765 WELCOME+;25926264;14029982;25926264
1176;K20020 WHYTE & MACKAY;10907264;0;10907264
1177;W55555 WOLFORD;45122135;0;45122135
1178;W10810 WOODYSCOVERY OU;40289496;0;40289496
1179;WWF123 WWF;42576177;14136269;42576177
1180;E55550 X-RAY EXILITY;45120509;16222195;45120509
1181;Y55511 YEREVAN BRANDY COMPANY;25979735;0;25979735
1182;Y66648 YSL PBI;10907545;15192911;10907545
1183;Z40040 ZEGNA E.LAUDER;22552917;0;22552917
1184;MONTALE ¡¿À“» ŒÃ;41947842;16064641;41947842
1185;V00137 ¬» “Œ–»ﬂ ŒŒŒ;43747035;16064640;43747035
1186;V00123 ¬ŒÀ√Œ–≈◊≈Õ— –€¡’Œ«;45125186;0;45125186
1187;I00022 »Ãœ≈–»¿À ŒŒŒ;39846327;15862053;39846327
1188;A12600 Ã“  ¿À»—¿ «¿Œ;45121034;16222265;45121034
1189;ISUP402 ŒŒŒ œŒ –Œ¬— »… œ–ﬂÕ» ;45125301;16223632;45125301
1190;GC0003 ŒŒŒ »Õ¬≈—“ √≈Œ –≈—”–— (GOLDEN-CANDIES);45124774;16223409;45124774
1191;P234550 œŒ√¿–— ¿ﬂ —»√¿–≈“ÕŒ-—»√¿–Õ¿ﬂ ‘¿¡–» ¿;45123046;0;45123046
1192;E52529 ELIT;29062819;14345858;29062819
1193;ES33315 ›— ‹ﬁ —»√—;45123896;0;45123896
1194;HIBWAY LTD;45124194;16223268;45124194
1195;JSL TRADING;28421445;14323944;28421445
1196;MD GOURMEX LTD;36919341;15481810;36919341
1197;YEREVAN BRANDY COMPANY;36919342;0;36919342
1198;P12000 12 PARFUMERS INTERLUX 2;45125473;16223709;45125473
1199;CM00006 CREME DE LA MER;0;16223743;0
1200;INTER-PARFUMS;0;16223791;0
1201;M00137 MADARA ¬» “Œ–»ﬂ;0;16223781;0
1202;MF5432 MAX FACTOR -≈ƒ»Õ¿ﬂ ≈¬–Œœ¿;0;16223727;0
1203;MO00672 ATKINSONS;0;16223787;0
1204;O65432_OOO ¬Œ—‹Ã¿ﬂ »Ãœ≈–»ﬂ;0;16223729;0
1205;SHISEIDO GR;0;16223756;0
1206;SUPPLIERS 33 (TESTER);0;16223766;0
1207;TE33333 TESTERS;0;16223767;0
1208;V12220 VAN CLEEF;0;16223765;0
1209;Z40040 ZEGNA;0;16223759;0
1210;AL55111 ALAIA BPI;45125537;16223792;45125537
1211;ASI412 ASI OOO;45125582;16223739;45125582
1212;M00411 ŒŒŒ ÃŒÀ≈ ”À¿;45125577;16223732;45125577
1213;CC6654 CAVALLI CLASS;45125786;0;45125786
1214;I_SUP417 ŒŒŒ Ã»– »√–”ÿ≈ ;45125754;0;45125754
1215;P34567 PIQUADRO;45125854;0;45125854
1216;SIA MONO;45125713;0;45125713
1217;SKW409 SKW (ŒŒŒ ›—. ≈….¬¿…+ );45125518;0;45125518
1218;SUP671 AUTOGRAPH TRAVEL LIMITED;45125650;0;45125650
1219;V88514 VILEBREQUIN;45125641;0;45125641
1220;W41150 WHITEFIELD INVEST LTD;45125876;0;45125876
1221;WEITNAUER DISTR.;45125712;0;45125712
1222;ISUP419 » –¿.–” ‘”ƒ—≈–¬»— ŒŒŒ;45125927;0;45125927
1223;WHITEFIELD INVEST LTD;45125906;0;45125906
1224;AN2014 ARIAL(SOCHI / NOVOSIBIRSK);0;16223067;0
1225;ISUP156 ƒ€ÃŒ¬— Œ≈  ŒÀ¡¿—ÕŒ≈ œ–Œ»«¬Œƒ—“¬Œ ŒŒŒ;0;16223847;0
1226;M99989 EDRINGTON;10907325;0;10907325
1227;W59120 BEAM SUNTORY;10907431;0;10907431
1228;A55552 ¿Õ“¿–≈—;0;16223884;0
1229;D10003 OETTINGER DAVIDOFF AG;10907250;0;10907250
1230;FC00002 FERRARI CAVALLINO;45126060;16223877;45126060
1231;PARFUME HOLDING;45126059;16223876;45126059
1232;OSUP695 MONNALISA;45126109;0;45126109
1233;OSUP694 CHOBI;45126108;0;45126108
1234;OVERSEAS;45126113;0;45126113
1235;T88865 ŒŒŒ “ƒ ÷¿–— »… Œ—≈“–;45126036;0;45126036
1236;OSUP697 BE KEEN LIMITED;45126172;0;45126172
1237;ŒŒŒ ¿√–» ŒÀ‹ —»“»;45126149;16223892;45126149
1238;AIR AFFINITY LIMITED;45126209;0;45126209
1239;ARCOROS INC.;45126210;0;45126210
1240;ART ALLIANCE LTD (UK);45126208;0;45126208
1241;ASHFORD;45126191;0;45126191
1242;KAGANSKI & CO GMBH;45126192;0;45126192
1243;ISUP431 ŒŒŒ “Œ–√Œ¬€… ƒŒÃ –”—ƒ≈À;0;16223893;0
1244;S10133;0;16223900;0
1245;S99989;0;16223902;0
1246;BEST WINE;45125713;0;45125713
1247;G37123 SIINERGIA (GREATWELL INVESTMENTS LTD);17129947;0;17129947
1248;A44441 ¿–ŒÕ¿ ŒŒŒ;0;16223683;0
1249;A55555  ŒÃœ¿Õ»ﬂ ¿ÀÀ»√¿“Œ– ŒŒŒ;0;16223425;0
1250;AL55544 ¿À‹ “–≈…ƒ ŒŒŒ;0;16223429;0
1251;CA16543 œ¿–‘ﬁÃ œ¿À¿—;0;16222308;0
1252;GR00026  ŒÃœ¿Õ»ﬂ √–»Õ‘»Àƒ— ŒŒŒ;0;16034955;0
1253;H44525 ’Œ–≈ ¿ “–≈…ƒ—≈–¬»— ŒŒŒ;0;15904373;0
1254;I54444 »Õ“≈À “–≈…ƒ “ ;0;12584095;0
1255;K127566  « Œ“–¿ƒÕŒ≈ Œ¿Œ;0;15892709;0
1256;K22233  –”“ŒÕ ŒŒŒ;0;16223484;0
1257;L44444_ À‘¡ ŒŒŒ;0;15922954;0
1258;M71113 Ã¿–– –”——»ﬂ ŒŒŒ;0;16223418;0
1259;O65432_ ¬Œ—‹Ã¿ﬂ »Ãœ≈–»ﬂ ŒŒŒ;0;16223729;0
1260;U10022 ”–≈Õ’ŒÀ‹“ ŒŒŒ;0;13070299;0
1261;V12345 “œ  ¬»ÀŒÕ ŒŒŒ;0;16037549;0
1262;V50170 ¬¿À≈Õ—»ﬂ › —œ–≈—— ŒŒŒ;0;16223643;0
1263;—12345 ‘»–Ã¿ —“¿Õ¡≈¬ ŒŒŒ;0;15922984;0
1264;OSUP699 MAFRAT SPA;45126324;0;45126324
1265;BEST WINE (SIA MONO);45125713;0;45125713
