DP_SUP_ID;DF_USD_ID;DF_SUP_ID;NAVID;SUP_NAME
14323943;28551042;28551042;0;---
0;36939811;36939811;0;A.R.I.
0;10907183;10907183;0;A.R.I. OLD
11271174;0;0;0;A0000006 ¿–’¿Õ√ OOO
10902882;0;0;0;A00004 ICS
10902883;0;0;0;A00005 ALFA PLUS
10902884;0;0;0;A00006 ART-BOOKS OOO
11372511;0;0;0;A00007 ¿À≈‘ “–≈…ƒ ŒŒŒ
11690046;0;0;0;A00012 ¿¬¿ÀŒÕ “–≈…ƒ
10971590;0;0;0;A00100 ›Ã¡Œ–√
10902886;0;0;0;A00111 APC-FOUDS OOO
10902887;0;0;0;A01000 ALESER 000
16223207;45124181;45124181;0;A014660 ASGHARALI ESTERK
15061294;32030763;32030763;0;A03333 AGATHA
0;10924100;10924100;0;A10012 ALFRED DUNHILL GMBH
16157276;10907434;10907434;0;A10015 CAROLINA HERRERA PUIG
0;10924088;10924088;0;A10016 ALFA-ALYANCE
0;10907286;10907286;0;A10018 ALFRED DUNHILL P&G
0;10924078;10924078;0;A10025 ALMAX
0;10907288;10907288;0;A10044 GLOBAL PROMOTIONAL SE
0;10907435;10907435;0;A10060 ABSOLUT CO
0;10907241;10907241;0;A10067 ART ALIANCE
0;10907342;10907342;0;A10067+ ART ALIANCE PLUS
0;10907343;10907343;0;A10068+ ART ALIANCE RBN
0;10907546;10907546;0;A10073 TIGER ELECTRONICS USD
0;10907242;10907242;0;A10076 ART-BOOKS LTD
0;14278728;14278728;0;A10076+ ART-BOOKS RBL
0;10924110;10924110;0;A10080 AMKA OY/AB
0;10907344;10907344;0;A10096 RUSSIAN SPIRIT GROUP
0;10907184;10907184;0;A10118 INFIFON B.V.
0;10907436;10907436;0;A10122 ARI-SHANNON EURO
0;10924115;10924115;0;A10200 AGROSECO
0;10907289;10907289;0;A11100 ARCOROS
10902892;0;0;0;A11100 ART-ALYANCE ECO RBL
0;10907345;10907345;0;A11112 ART-BOOKS
15205851;0;0;0;A11114 AVALANCHE
15205854;0;0;0;A11117 AVIATOR
11450423;0;0;0;A12000 ¿Ã¿ƒ≈”—
0;10907437;10907437;0;A12224 FINLANDIA VODKA - BF
11254622;45124718;45124718;0;A12345 OOO AUGUST GROUP                                                                             
16222265;45121034;45121034;I_SUP126;A12600 Ã“  ¿À»—¿ «¿Œ   
0;37248649;37248649;0;A13970 ARK BELUGA OOO
11274573;0;0;0;A14520 ¿À Œ-Ã»–
0;10917382;10917382;0;A20008 ANTICA MURRINA SKY
0;28446164;28446164;0;A20033 JOHN RICHMOND Euroitalia
0;22341022;22341022;0;A21234 AST
11269170;0;0;I_SUP003;A23456 ¿—“-»Õ“≈–Õ›ÿÕÀ OOO
0;28142960;28142960;0;A25555 CONSTELLATIONS BRANDS SCHENLEY INC
15980835;28593085;28593085;O_SUP207;A32111 AVANTA ELECTRONICS
11728840;0;0;0;A33000 ARDEN LAGERFELD
15872568;24612378;24612378;0;A33315+ AEROBRIDGE OOO
0;10907290;10907290;0;A33366 ALKOMIR OOO
0;10924112;10924112;0;A33880 ALD INT FASHION
12708724;0;0;0;A3400000  ŒÕ—“¿Õ“»ÕŒœŒÀ‹— ¿ﬂ
16223683;0;0;0;A44441 ¿–ŒÕ¿ ŒŒŒ                                                                                    
0;12922092;12922092;0;A44444+ AMADEUS
15963727;0;0;0;A45698 ART ALLIANCE LTD
0;22424977;22424977;0;A54321 ALLIED BRANDS
0;21453663;21453663;0;A55516 ARTISAN ESTERK
16223884;0;0;0;A55552 ¿Õ“¿–≈—                                                                                      
16223425;0;0;I_SUP115;A55555 ŒŒŒ  ÓÏÔ‡ÌËˇ ¿ÎÎË„‡ÚÓ
16222300;45121100;45121100;0;A65432 AVTOGRAF
16192379;44809367;44809367;I_SUP010;A72508 ¿ﬂ —-œ–≈—— ŒŒŒ
16038988;0;0;0;A75444 —ÚÓÎË˜Ì˚È ﬁ‚ÂÎËÌ˚È «‡‚Ó‰
0;45121220;45121220;0;A77332 L'ATELIER
16223492;0;0;0;A88881 ¿–»¿Ã
0;10924080;10924080;0;A99996 ALMAZJEWELIR EXPORT
16222230;0;0;0;AAT00001 ART ALIANCE TRADING
0;15182376;15182376;0;AB1111+ ABBYY
15347108;0;0;0;AB55555 ¿–“ ¡¿«¿–
15861076;39373863;39373863;0;AB9999+ AEROBRIDGE UNION
15929513;0;0;0;AD00000 AF_DM
0;42565954;42565954;0;AD12468 GREENFIELD INTERVEST LTD
16222218;0;0;0;AE3333 AEGNA
0;10924118;10924118;0;AEROFIRST
10902895;0;0;0;AEROFIRST_RBN
0;10924082;10924082;0;AEROMAR
0;10907439;10907439;0;AEROMAR_RBN
16223048;0;0;0;AHK111 HELLO KITTY ARIAL
0;45126209;45126209;O_SUP664;AIR AFFINITY LIMITED
16223212;45124188;45124188;0;AJ00001 AJMAL
16222783;45123556;45123556;0;AJ5545 Alexandre J ÃËÌËÛÏ
0;10931266;10931266;0;AL45115 ALOKOZAY F2E
16223792;45125537;45125537;0;AL55111 ALAIA BPI                                                                                   
16223429;0;0;I_SUP399;AL55544 ¿À‹ “–≈…ƒ
0;33547545;33547545;0;AL88888 MASTER SERVICE COMPANY
15233565;0;0;0;AM10001 A.MARTINI –Ë¯˝Ò
0;43333871;43333871;0;AM11111 ANTHIME MOULEY
16223067;0;0;0;AN2014 ARIAL(SOCHI / NOVOSIBIRSK)                                                                   
0;45125271;45125271;0;AO12345 ALYSON OLDOINI Interlux 2
15640999;0;0;0;AP 12345 AGENT PROVOCATEUR-≈ƒ»Õ¿ﬂ ≈¬–Œœ¿
16223624;21046073;21046073;0;AR10016 AGATHA RUIZ DE LA PRADA Puig
0;45126210;45126210;O_SUP667;ARCOROS INC.
16135458;0;0;0;ARIAL
0;42829361;42829361;O_SUP003;ART ALLIANCE DELUXE LTD
0;45126208;45126208;O_SUP004;ART ALLIANCE LTD (UK)
15407859;0;0;0;ART BAZAR GR
0;31862246;31862246;0;AS23456 THE ART OF SHAVING
0;45126191;45126191;O_SUP668;ASHFORD                                                                                             
16223739;45125582;45125582;0;ASI412 ASI OOO                                                                                      
10902896;0;0;0;B000005 »“¿À ŒÃ
10902897;0;0;0;B00001 VASKO RBL
10902898;0;0;0;B00002 BONA CONFECTIONARY ZAO
10902899;0;0;0;B00003 BEVERIDGIS AND TRAIDING
10902900;0;0;0;B00004 BAZA-4 ZAO
10902901;0;0;0;B00005 BELLIGEN TD
11168902;0;0;0;B0005 ¬–≈Ã≈Õ¿ √Œƒ¿ “ƒ
10902903;0;0;0;B10000 TP BIRNS
0;10907346;10907346;0;B10001 BARAKA JEW - GENERLUX
10902904;0;0;0;B10001 BORALEX
0;10924077;10924077;0;B10003 BREADWINNERS
0;10907347;10907347;0;B10018 DEL BURBERRYS
16222992;10907387;10907387;0;B10027 ISSEY MIYAKI BPI
0;10907293;10907293;0;B10028 JEAN PAUL GAUTIER BPI
16222990;10908145;10908145;0;B10029 NARCISO RODRIGUES BPI
0;10907294;10907294;0;B10041 BRAUN
0;10907440;10907440;O_SUP485;B10044 BROWN FORMAN BEVERAGE
0;10907348;10907348;0;B10055 BARDINET SA
0;10907244;10907244;0;B10062 BAUME & MERCIER SA
0;10907547;10907547;0;B10080 BLAVOD DRINKS LTD
0;10907388;10907388;O_SUP488;B10081 BORIE-MANOUX WINES
0;10907441;10907441;I_SUP183;B11111 TORGSERVICE XXI BABAEVSKOE
0;10907185;10907185;0;B11115 BALMAIN WATCH
12499656;18666543;18666543;0;B11555 BONA OOO
13534474;0;0;0;B1212345 ¡»√ “–›…ƒ ŒŒŒ
0;10907389;10907389;0;B12345 BALMAIN
0;23217598;23217598;0;B123456 BOLS SP.Z.O.O
14008192;0;0;0;B13578 BVLGARY - ≈ƒ»Õ¿ﬂ ≈¬–Œœ¿
16223699;0;0;I_SUP406;B14270 ¡–¿«»— ÀŒ√»—“»                                                                               
14348260;10907549;10907549;0;B14673 BIOTHERM PBI
0;10922016;10922016;0;B14674 BIOTHERM SKY
0;10923965;10923965;0;B20100 BARAKA WATCH
14030123;0;0;0;B23456 BALDESSARINI -≈ƒ»Õ¿ﬂ ≈¬–Œœ¿
0;10907550;10907550;0;B25600 BEVERAGES & TRADING
0;28366568;28366568;0;B33333 BELVEDERE
14008004;0;0;0;B34567 BOSS - ≈ƒ»Õ¿ﬂ ≈¬–Œœ¿
0;30663658;30663658;O_SUP492;B51551 BISQUIT COGNAC
16222849;45123746;45123746;0;B54321 BYREDO ESTERK
0;45125360;45125360;0;B55533 BOTTEGA
0;10907551;10907551;0;B55545 BRONCES E.TORTOSA
16222627;0;0;0;B55555 ¡≈Õ≈‘»“
15980829;0;0;0;B56789 BOBBY BROWN
0;22567051;22567051;0;B66650 BOUCHERON PBI
0;11381585;11381585;0;B68701 BACARDI GMBH
0;43359682;43359682;0;B69870 BALLY SA I VIA INDUSTRIA
16150193;42521079;42521079;0;B87452 BRIC'S
0;10907295;10907295;0;B89625 LUXOTTICA UK IRL
0;42521050;42521050;0;B95137 BRACCIALINI
0;45120829;45120829;0;B99911 BAIKAL JSL
13672106;0;0;0;B99999 BIOTHERM SKY
15054381;0;0;0;BB55515 BETTY BARCLAY - ≈ƒ»Õ¿ﬂ ≈¬–Œœ¿
0;10907390;10907390;0;BD12345 BREITLING/DARROW GROUP
0;45120899;45120899;0;BE56565 BEGEMOT
0;45125713;45125713;0;BEST WINE (SIA MONO)                                                                                
0;0;0;O_SUP669;BEST WINE CORPORATION
16223339;45124232;45124232;0;BIK1113 OOO BIK
0;10907245;10907245;0;BJ12345 BJ FITZPATRICK & CO
0;0;0;O_SUP489;BOLS SP.Z.O.O
16223507;12143104;12143104;0;BPI
15979121;0;0;0;BR00005 BROSWAY
16223562;43255913;43255913;0;BR75321 BURBERRY BPI
16222668;43252561;43252561;0;BS55545 BODY SHOP
16223608;0;0;0;BV10020 BOTTEGA VENETA
0;45125243;45125243;0;BV10020 BOTTEGA VENETA COTY
0;28479158;28479158;0;BV12399 BVLGARY
10902906;0;0;0;C00001 COCA-COLA USD
11076376;0;0;0;C00002 —-2 ‘»–Ã¿ OOO
11041678;0;0;0;C00005 —¬  “ƒ «¿Œ
10902907;0;0;0;C00010 KC FUDS
0;10907349;10907349;0;C00011 CENTROPEL
10968807;0;0;0;C00012 À»Õ»ﬂ ◊»Õ ”≈ OOO
0;10907350;10907350;0;C02376 DAVID CAMPARI
0;10907391;10907391;O_SUP496;C05723 CAMUS INTERNATIONAL
10902908;0;0;0;C10000 CASIO 000
0;10907352;10907352;0;C100006 CARAN D'ARCHE
0;10924098;10924098;0;C10002 CARTIER INT YSL PRODUCTS
0;10907246;10907246;0;C10014 CRABTREE & EVELYN
0;10907445;10907445;0;C10020 CLINIQUE E.Lauder
0;10907488;10907488;O_SUP215;C10023 CARRERA JEWELLERY
0;10907552;10907552;I_SUP171;C10031 CARTIER INT FASHION
0;28413105;28413105;0;C10032 CLARINS SWAROVSKI
15418168;10907489;10907489;0;C10033 CLARINS EXPORT DIVISION
0;10907186;10907186;0;C10035 CHATEAU DE COGNAC
0;10907297;10907297;0;C10036 CLARINS AZZARO
0;10907187;10907187;0;C10037 CLARINS THIERRY MUGLER
0;20842771;20842771;0;C10039 CLARINS PORSCHE DESIGN
0;10907553;10907553;0;C10052 CHANEL SKY
0;10923866;10923866;0;C10061 CHAMBORD
0;10907554;10907554;0;C10063 COGNAC FRAPIN
0;10907490;10907490;0;C10070 COCA-COLA REFRESHMENT
0;10907188;10907188;0;C10085 CHRONOLUX SA CHOPARD
0;10907491;10907491;0;C10260 CANON EURO
0;30320649;30320649;0;C10300 CRISTALL-LEFORTOVO OOO
10902911;0;0;I_SUP071;C11110  Œ ¿- ŒÀ¿ ›…◊¡»—» ≈¬–¿«»ﬂ
0;10907392;10907392;0;C11123 CARRERA WATCHES
0;45124331;45124331;0;C11223 COCCINELLE
10902912;0;0;0;C15000 CHASPROMTORG ZAO
14832869;28487171;28487171;0;C21212 CHURCHILLS
15091267;0;0;0;C23456 COTY
15913684;10907446;10907446;0;C27565 CHANEL PARFUMS
0;10907298;10907298;0;C31803 CHRISTIAN DIOR SKY
15316079;10907189;10907189;0;C31805 CHRISTIAN DIOR
14888364;0;0;0;C32165 CURAPROX
0;10907247;10907247;0;C33343 CASIO ELECTR USD
14008005;0;0;0;C34678 CALVIN KLEIN - ≈ƒ»Õ¿ﬂ ≈¬–Œœ¿
0;11072291;11072291;0;C44434 CASIO ELECTR EURO
14008007;0;0;0;C54320 CHLOE - ≈ƒ»Õ¿ﬂ ≈¬–Œœ¿
0;11062438;11062438;0;C54321 CASIO WATCHES
0;31846685;31846685;0;C55555 CELLCOSMET & CELLMEN
11092582;10907447;10907447;0;C60708 L CONNAUGHTON & SON
0;35299122;35299122;0;C69999 RASKAT TD
0;20723886;20723886;0;C77708 CIRCUS
0;10907448;10907448;0;C87452 A.T.CROSS LTD
0;42829327;42829327;0;C96385 CEDC
15401914;0;0;0;C99918 McG CONSULTANTS
0;10907248;10907248;0;C99989 CONNECT INT LTD
14008009;0;0;0;CA12345 C.AGUILERA - ≈ƒ»Õ¿ﬂ ≈¬–Œœ¿
0;38464910;38464910;0;CA12345 CORPORATE AGENCIES LIMITED
16222308;0;0;0;CA16543 œ¿–‘ﬁÃ œ¿À¿—                                                                                
16223206;45124180;45124180;0;CC00001 CLIVE CHRISTIAN ESTERK
0;45125786;45125786;0;CC6654 CAVALLI CLASS                                                                                
15582048;0;0;0;CC87654 COMME DES GARCONS ≈ƒ»Õ¿ﬂ ≈¬–Œœ¿
0;10907555;10907555;0;CE17332 CENTAUR TRAVEL RETAIL
15012418;0;0;0;CE32100 CERRUTI - ≈ƒ»Õ¿ﬂ ≈¬–Œœ¿
14008006;0;0;0;CH12345 C.HERRERA - ≈ƒ»Õ¿ﬂ ≈¬–Œœ¿
0;0;0;O_SUP138;CHANEL SKY
0;20820656;20820656;0;CK11111 CK WATCH & JEW Co
13934647;0;0;0;CK11111 CK WATCHES
0;10907493;10907493;O_SUP101;CK1234 CALVIN KLEIN WATCHES
0;12153978;12153978;O_SUP088;CLARINS GROUP
0;12153976;12153976;;CLINIQUE GROUP
16223743;0;0;0;CM00006 CREME DE LA MER                                                                             
0;25775436;25775436;0;CM00006 CREME DE LA MER E.Lauder
16145612;0;0;0;CO2222 CODELLO
0;37872437;37872437;0;CO78404 COCOROSE
16223578;0;0;0;COTY
0;12153979;12153979;0;COTY GROUP
0;10907249;10907249;0;CS12345 CASIO WATCHES
10902913;0;0;0;D00001 DENVIEW U.E.
10902914;0;0;0;D00002 DMITROV-ALKO OOO
0;10907190;10907190;0;D0001 DISTILLERIA BOTTEGA
0;26043240;26043240;0;D00235 DEBRISE DULAC
11003144;0;0;0;D10000 ƒ»À¿Õ+ OOO
10902916;0;0;0;D10001 DENVIEW RBL
0;10907250;10907250;0;D10003 OETTINGER DAVIDOFF AG                                                                        
13530515;0;0;I_SUP148;D10005  ›Õƒ»À¿…Õ ŒŒŒ
0;10923873;10923873;0;D10026 DOMAINE LAROCHE
0;10907449;10907449;0;D10029 DURACELL BATTERIES NV
0;10907354;10907354;0;D10054 V.D BAUWEDE DARROW
0;10907494;10907494;0;D10055 JEAN MARCEL DARROW GR
0;10907450;10907450;0;D10056 FIDIA GIOIELLI S.P.A
0;10907299;10907299;0;D10057 FIORELLA GIOELLI
0;10907191;10907191;0;D10059 UNOAERRE
0;10907451;10907451;0;D10150 DARROW GROUP LTD
0;10907452;10907452;0;D11153 MAGERIT DARROW EURO
0;10907251;10907251;0;D11157 FIORELLA GIOELLI EURO
0;10907252;10907252;;D12321 DUBEY & SCHALDENBRAND
0;43267543;43267543;0;D12329 OOO √  ƒ‡ÈÏÓÌ‰
0;10924117;10924117;0;D12345 DARROW GROUP SUNGL
16222253;10922384;10922384;0;D20030 DOLCE & GABBANA P&G
0;45123004;45123004;0;D30030 DOLCE & GABBANA MAKE-UP P&G
0;23281023;23281023;0;D33000 DISPLAY DESIGN COMPANY
0;10907453;10907453;0;D33333 DNK OOO
0;10907355;10907355;0;D34567 DOLCE & GABBANA
14008010;0;0;0;D35678 D&G - ≈ƒ»Õ¿ﬂ ≈¬–Œœ¿
10902918;0;0;0;D50005 DEMOS-APS AOOT
0;24892618;24892618;0;D50010 D&G P&G
11715231;0;0;0;D5005005 ƒœ-“–≈…ƒ ŒŒŒ
0;10907192;10907192;0;D55555 DILAN JSC
0;24814839;24814839;0;D55570 DRIMLEKS
0;10907454;10907454;0;D56007 DELSEY
0;10907193;10907193;0;D65432 DMD GOLD COLLECTION
0;10907495;10907495;0;D66661 EVRASIA OOO
14008011;0;0;0;D67890 DAVIDOFF - ≈ƒ»Õ¿ﬂ ≈¬–Œœ¿
0;10924106;10924106;0;D99979 AMBASSADORS CHOICE
0;10907195;10907195;0;D99980 DRAMBUIE LIQUER CO
0;10907301;10907301;0;D99989 DUTY FREE SERVICES
15981558;45124149;45124149;0;DE22222 DESIGUAL
0;31966571;31966571;0;DF0000 DUTY FREE
11310611;0;0;0;DG10067 D&G WATCHES
14008124;0;0;0;DG23456 DOLCE&GABBANA - ≈ƒ»Õ¿ﬂ ≈¬–Œœ¿
0;10907357;10907357;0;DK14775 DKNY WATCHES SKY
15981228;45123595;45123595;0;DK33331 DYRBERG KERN
16222279;10907358;10907358;0;DR5432 DE RIGO
0;45123194;45123194;0;DU55545 DUC d`O
0;10907197;10907197;0;DUTY FREE SHOP - SHANNON
15962795;42073729;42073729;0;DZ55555 DREVO ZHIZNI OOO
10902919;0;0;0;E00001 APOLLO ELECTRONICS
10902921;0;0;0;E00003 INTERPRODUCT ZAO
11163369;0;0;0;E00004 ≈¬–¿—≈–¬»— ŒŒŒ
10902922;0;0;0;E00005 ELECTROCOMPROECT
10902924;0;0;0;E0002 UVELCOM OOO
16080150;32653273;32653273;0;E03033 EDOX
10912753;0;0;I_SUP123;E10000 ≈ƒ»Õ¿ﬂ ≈¬–Œœ¿ ’ŒÀƒ»Õ√
10908930;0;0;0;E10001 › —œŒ—≈–¬»— OOO
16222630;10907556;10907556;0;E10022 ESCADA P&G
0;10907253;10907253;0;E10023 ESCADA SKY
0;10907496;10907496;0;E10038 ETUD UNION OF ARTISTS
0;10907497;10907497;0;E10050 ESSE
0;10907359;10907359;0;E10051 RATTI
10902925;0;0;0;E11000 EVRAZIYA OOO
0;10907455;10907455;0;E11011 ESTERK LUX PARFUME
13085509;0;0;0;E11115 EUROITALIA DP
14122386;16904957;16904957;0;E12345 ES.MOLECULES ESTERK
16223481;25843088;25843088;0;E12468 ESTERK
0;25958784;25958784;0;E14281 ESPERANTO VIN OOO
16222207;0;0;0;E15200 LAMARTHE Elit bags
16064646;0;0;0;E16100 DELSEY Elit bags
16222237;0;0;0;E17100 Giorgio Fedon & Figli Spa
0;10921244;10921244;0;E18515 EUROITALIA SKY
14183052;0;0;0;E20002 › —œŒ“–≈…ƒ ŒŒŒ
16223503;0;0;0;E22222 ≈¬–¿«»ﬂ
16223530;0;0;I_SUP161;E25555 ›À»“ ¡›√« (CK)
0;10907498;10907498;0;E25700 ERGODATA
0;10907254;10907254;0;E33961 HUGO BOSS P&G
15644008;0;0;0;E33962 HUGO BOSS PARFUME
0;10907302;10907302;0;E33962 HUGO BOSS PARFUMS SKY EURO
16222631;10907255;10907255;0;E33965 LACOSTE P&G
0;11012333;11012333;0;E33967 BALDESSARINI P&G
14030159;0;0;0;E34567 ESCADA - ≈ƒ»Õ¿ﬂ ≈¬–Œœ¿
14345858;29062819;29062819;0;E52529 ELIT
15855616;40173724;40173724;0;E55545 RAMON MOLVIZAR Exility
16165067;0;0;0;E55546 TORRE EXILITI
0;44514879;44514879;0;E55546 TORRE EXILITY
16165068;44514880;44514880;0;E55547 MASQUE Exility
16165069;44514881;44514881;0;E55548 ROSE & Co Exility
16165070;44514882;44514882;0;E55549 SEVIGNE Exility
16222195;45120509;45120509;0;E55550 X-RAY Exility
16222203;45120567;45120567;0;E55551 PECCATO Exility
16223569;0;0;0;E55552 GIULIETTA CAPULETI Exility
16223570;0;0;0;E55553 MIMMINA FLOWER Exility
10924931;0;0;0;E55555 ESSE DP EURO
0;42750498;42750498;0;E73621 ESCADA WATCHES
15981401;0;0;0;E77712 ESTER BIJOUX
0;33678924;33678924;0;E86421 EASTPAK
0;10907198;10907198;0;E88898 ECTACO
0;10907303;10907303;0;E88899 ECTACO SKY
16222206;0;0;0;ELIT BAGS GROUP
0;10907360;10907360;0;EMBORG EMBORG AO RBN
0;10907256;10907256;0;EMBORG USD
16222258;45120906;45120906;0;EN12355 ENNS
16171437;44153565;44153565;0;EN44567 ELECTRONIC NOVELTIES
16223564;0;0;0;ES12345 ELIE SAAB
0;28431636;28431636;0;ES12345 ELIE SAAB BPI
0;45123896;45123896;0;ES33315 ›— ‹ﬁ —»√—
16223506;12580967;12580967;O_SUP113;ESTEE LAUDER GROUP
0;41947843;41947843;0;ESTERK PARFUM ŒŒŒ
16222986;0;0;0;ESTERK PARFUME
0;20809920;20809920;O_SUP124;EUROITALIA
0;11143601;11143601;0;EV16775 EVRASERVIS OOO
16165066;44514878;44514878;0;EXILITY
0;10907393;10907393;0;F10017 DEL FASHION FLO LTD
0;10907500;10907500;O_SUP219;F11110 FREDERIQUE CONSTANT
10902929;0;0;0;F11111 FANAGORIA TRADE HOUSE OOO
15205853;0;0;0;F11116 FABER CASTELL
0;10907501;10907501;0;F11123 FANAGORIYA TD
0;10907257;10907257;0;F12222 FOSTERS
0;10907304;10907304;0;F12345 FOSSIL
14008193;0;0;0;F15666 FERRAGAMO - ≈ƒ»Õ¿ﬂ E¬–Œœ¿
14108649;10907558;10907558;0;F33311 FREY WILLE
0;11104974;11104974;0;F33312 M.FREY WILLE FASHION
11307070;0;0;0;F3333300 FOLLI FOLLIE WATCHES
15968000;24207694;24207694;0;F35291 FENDI PARFUM
0;10907305;10907305;0;F45730 FRANCESCO SMALTO
12309424;0;0;0;F55545 FURLA
15263234;0;0;0;F55555 FRUITBERRY - ≈ƒ»Õ¿ﬂ ≈¬–Œœ¿
15115888;0;0;0;F55556 FOSSIL
0;45120563;45120563;0;F66321 FAZER BRANDS INTERNATIONAL
14425730;0;0;0;F87654 FERAUD - ≈ƒ»Õ¿ﬂ ≈¬–Œœ¿
0;11012386;11012386;0;F88999 FURLA
0;45125270;45125270;0;FB11123 F.BOCLET Interlux 2
16223877;45126060;45126060;0;FC00002 FERRARI CAVALLINO                                                                           
0;14416973;14416973;0;FE1234 FENDI SILK SA
16222285;0;0;0;FER123 FERRERO
0;25873704;25873704;O_SUP438;FER123 FERRERO TRADING LUX
0;10907394;10907394;0;FF33551 FOLLI-FOLLIE WATCHES
0;36154934;36154934;0;FO45678 FOSSIL
0;0;0;O_SUP506;FOSTERS
0;34335099;34335099;0;FP11111 F.PARTNERS OOO
10902930;0;0;0;G00001 MASTER DISTRIBUTERS
10902931;0;0;0;G00002 GOLD GRAIL
10902932;0;0;0;G0001 GROSS OOO
10902933;0;0;0;G10000 GELEO OOO
0;10907502;10907502;0;G10002 GIVENCHY COUTURE EURO
0;10923865;10923865;0;G10004 DEL GIVENCHY FFR
10902937;10907503;10907503;O_SUP191;G10016 GUESS - IBB B.V.
15981116;10907559;10907559;O_SUP439;G10036 GODIVA S.A. BELGIUM
0;10907258;10907258;0;G10037 GUYLIAN NV/SA
0;10907561;10907561;0;G10044 GOLDMAJOR LTD
0;10907395;10907395;0;G10046 GUESS - IBB SKY
0;10907361;10907361;0;G11100 GK GROSS OOO
10902934;0;0;0;G11110 MASTER DISTRIBUTERS RBL
10902935;0;0;0;G11111 GIVENCHY COUTURE RBN
0;15106113;15106113;0;G11111+ GALEREYA BLAGOLEPIYA
10902936;0;0;0;G11112 GIVENCHY COUTURE EURO
0;10907306;10907306;0;G122333 GROSSE JEW SKY
0;10907201;10907201;0;G19253 GROSSE UK LTD
14008125;0;0;0;G20304 GUCCI - ≈ƒ»Õ¿ﬂ ≈¬–Œœ¿
0;10969784;10969784;0;G29001 GRADIENT
0;21453622;21453622;0;G33315 ANNICK GOUTAL ESTERK
10902938;0;0;0;G33322 GENERLUX TRADING S.A. DP
0;11139624;11139624;0;G333666 GOLDKENN
0;17129947;17129947;0;G37123 GREATWELL INVESTMENTS LTD
0;26082124;26082124;0;G54321 GOURJI (Rub)
0;10907259;10907259;0;G55545 GENERLUX TRADING SA
0;42565904;42565904;0;G55551 GANCIA
0;42828643;42828643;0;G59870 GUCCI
0;10907202;10907202;0;G73611 W.GRANT & SONS
0;11106590;11106590;0;G88898 GLENMORANGE
15981117;10907504;10907504;0;G93124 GUERLAIN PARFUMS
0;10907396;10907396;0;G93125 GUERLAIN SKY
0;35051453;35051453;0;G98765 GOURJI ITALY(EURO)
16223409;45124774;45124774;0;GC0003 ŒŒŒ »Ì‚ÂÒÚ √ÂÓ –ÂÒÛÒ (Golden-Candies)
0;10907203;10907203;0;GG12345 GOLDEN GRAIL LTD
0;45121228;45121228;0;GI20000 GIVENCHY PARFUME DP
16034955;0;0;I_SUP026;GR00026  ŒÃœ¿Õ»ﬂ √–»Õ‘»Àƒ— ŒŒŒ                                                                      
0;36940093;36940093;0;GREATWELL INVESTMENTS LTD
14165253;0;0;0;GS12334 GWEN STEFANI - ≈ƒ»Õ¿ﬂ ≈¬–Œœ¿
0;39810224;39810224;0;GS12345 GOLDEN SPIRIT SA
0;10907362;10907362;0;GU12345 SOCRAFI SERVICES SA
0;10907260;10907260;0;H10001 HUGO BOSS FASHION SKY
0;10907261;10907261;0;H10002 HASBRO HUNGARY LTD
0;10907307;10907307;0;H10018 HARRISON MUSIC IRL
0;10907204;10907204;0;H10023 HENNESSY COGNAC
0;10907205;10907205;0;H10027 HERMES FASHION
0;10923892;10923892;0;H10034 HARRISON VIDEO USD AC
0;10922001;10922001;0;H10052 HERMES SKY
16223502;0;0;0;H10053 HERMES
0;10907206;10907206;0;H10053 HERMES PARFUMS
0;10907308;10907308;0;H10055 HARRISON HUNTER
0;10907456;10907456;0;H10063 HARRISON MUSIC USD
0;10923851;10923851;0;H10065 HARRISON MUSIC STG
0;10907562;10907562;0;H10066 DEL MANBOW FINANCE
0;18537636;18537636;O_SUP510;H1234 HERMANN JOERSS
0;10907563;10907563;0;H22222 HASLACH GMBH
15904373;0;0;I_SUP300;H44525 ŒŒŒ ’Œ–≈ ¿ “–≈…ƒ—≈–¬»—
0;10907564;10907564;0;H45812 HAMMER+SOHNE
0;10907363;10907363;0;H50050 T.HILFIGER E.LAUDER
16223555;45124563;45124563;O_SUP665;H66500 HIBWAY LTD. T/A SAFFON SUPPLY SERVICES
0;15218200;15218200;0;H99999 ED HARDY
15481552;0;0;0;HD98765 HANSE DISTRIBUTION GmbH
16223268;45124194;45124194;0;HIBWAY LTD
15357863;0;0;0;HK11111 HELLO KITTY –Ë¯ÂÒ
0;45125754;45125754;0;I_SUP417 ŒŒŒ Ã»– »√–”ÿ≈                                                                             
10902939;0;0;0;I00001 AGROS-EKO
10902941;0;0;0;I00003 COSMOPOLITAN COSMETICS
15862053;39846327;39846327;I_SUP160;I00022 »Ãœ≈–»¿À ŒŒŒ                                                                                 
0;10907364;10907364;0;I10011 IBB
0;10907505;10907505;0;I10050 IBB UK
0;10907397;10907397;0;I10099 IRAKLIS KALLISTHENIS
0;10907309;10907309;0;I10111 ARTIS ORBIC - IRISH D
0;10907506;10907506;0;I11112 ISA SpA
14875506;0;0;0;I13567 ICEBERG - ≈ƒ»Õ¿ﬂ ≈¬–Œœ¿
10915168;0;0;0;I22222 ISA SPA DP RBN
0;12608284;12608284;0;I23456 ISF INTERNATIONAL SPIRITUS FORUM GMBH
16223195;0;0;0;I33333 INTEL MSK
0;10907310;10907310;0;I42782 IRISH DRESDEN
15103684;0;0;0;I44444 ICE WATCH
16152907;44185425;44185425;0;I54333 F.BOCLET INTERLUX
12584095;0;0;0;I54444 “  »Õ“≈À “–≈…ƒ
0;32456993;32456993;0;I55588 IAN MACLEOD DISTILLERS LTD
16222786;45123572;45123572;0;I65432 ALYSON OLDOINI. Interlux
16152906;44185424;44185424;0;I75666 KORLOFF INTERLUX
15948027;42520715;42520715;0;I98765 SILLAGE INTERLUX
0;22584136;22584136;0;IFD001 IFD LIMITED
15962875;42548796;42548796;0;IL98765 CARON »œ »Î¸ËÌ‡
16164160;44513352;44513352;0;IL98766 HISTOIRES DE PARFUMES »œ »Î¸ËÌ‡
16164158;44513353;44513353;0;IL98767 HOUBIGANT »œ »Î¸ËÌ‡
16164156;44513354;44513354;0;IL98768 MEMO »œ »Î¸ËÌ‡
16164157;44513355;44513355;0;IL98769 PRUDENCE »œ »Î¸ËÌ‡
16222663;0;0;0;IMPORT
16152905;44185423;44185423;0;INTERLUX
16223617;45125269;45125269;0;INTERLUX 2
16223791;45125722;45125722;0;INTER-PERFUMS                                                                                       
0;10907207;10907207;I_SUP192;IRISHBAR
10971587;0;0;0;IRISHBAR DP
16223847;0;0;I_SUP156;ISUP156 ƒ€ÃŒ¬— Œ≈  ŒÀ¡¿—ÕŒ≈ œ–Œ»«¬Œƒ—“¬Œ ŒŒŒ                                                        
16223632;45125301;45125301;0;ISUP402 ŒŒŒ œÓÍÓ‚ÒÍËÈ ÔˇÌËÍ
0;45125927;45125927;I_SUP419;ISUP419 » –¿.–” ‘”ƒ—≈–¬»— ŒŒŒ                                                                       
16223893;0;0;0;ISUP431 ŒŒŒ “Œ–√Œ¬€… ƒŒÃ –”—ƒ≈À                                                                     
16223949;45126485;45126485;0;ISUP439 ÕŒ¬€≈ “≈’ÕŒÀŒ√»» ŒŒŒ                                                                        
13672184;0;0;0;J00001 JANEKE
0;42793944;42793944;0;J00007 JAMES BOND P&G
0;10907311;10907311;0;J10027 JACOBS SUCHARD DM ACC
0;10907398;10907398;0;J10029 JANNEAU
0;43914265;43914265;0;J10142 JAGERMEISTER
15439137;0;0;0;J11154 JUICY COUTURE - ≈ƒ»Õ¿ﬂ ≈¬–Œœ¿
0;23738398;23738398;0;J12345 JUPITER OOO
15971592;10907208;10907208;0;J20060 JULES DESTROOPER
16223208;27146387;27146387;0;J22345 JUILETTE HAS A GUN ESTERK
0;10923361;10923361;0;J33456 JSL SPEDITION GMBH
0;23830921;23830921;0;J44411 JOHN VARVATOS ESTERK
0;24722453;24722453;0;J52222 JANEKE
0;10907565;10907565;0;J78321 JAPAN TOBACCO INT CO
0;45125361;45125361;0;J88833 JOSE CUERVO
15861659;10907312;10907312;0;J99998 MONDELEZ WORLD TRAVEL RETAIL LLC
15601393;28840119;28840119;O_SUP010;J99999 JSL TRADING AG
0;0;0;O_SUP006;JACOB & CO. WATCHES INC.
15582039;0;0;0;JB00700 JAMES BOND ≈ƒ»Õ¿ﬂ ≈¬–Œœ¿
0;33687151;33687151;0;JF12345 JACQUES FAREL
0;33274098;33274098;0;JFM PREMIUM PRODUCTS SARL
0;10907366;10907366;O_SUP221;JK34211 JACQUES LEMAN WATCHES
0;36594517;36594517;0;JL11115 JUDITH LEIBER Esterk
15098136;0;0;0;JL22222 JACQUES LEMANS
14030217;0;0;0;JR12345 JOHN RICHMOND
0;36919351;36919351;0;JSL SPEDITION
14323944;28421445;28421445;0;JSL TRADING
0;33274118;33274118;0;JV55555 JFM VICTORINOX
0;22575125;22575125;0;K KARL LAGERFELD
0;10923930;10923930;0;K00001 KOALA WINES
10902944;0;0;0;K00001  –¿—Õ€… Œ “ﬂ¡–‹
0;10907399;10907399;0;K00002 TRAFALGAR FOODS
10902946;0;0;0;K00009 KENZO JEW DP EURO
11852187;0;0;0;K0001 KENZO SILVER
10902947;0;0;0;K01110 HERMITAGE SKY
10902948;0;0;0;K02000 KONDI-2000 OOO
0;19155871;19155871;0;K10000 KASKAD OOO
10902949;0;0;0;K10001 HERMITAGE EURO
15768570;10907313;10907313;0;K10028 KENZO PARFUMS
0;10907263;10907263;0;K10029 KENZO SKY
0;10907314;10907314;0;K10030 KAZUMIAN BELGIUM BVBA
0;10907458;10907458;0;K10047 KASMET SHASTYE
0;10907315;10907315;0;K11011 KOLBER WATCHES
10902951;0;0;0;K11111  ¿«”ÃﬂÕ
0;10907400;10907400;0;K12345 KENZO JEW SKY
15892709;0;0;I_SUP084;K127566 Œ¿Œ  « Œ“–¿ƒÕŒ≈
0;10924091;10924091;0;K15300 KONZERN GROUP SOYUZ
0;10907209;10907209;0;K15300+ KONZERN GROUP SOYUZ
16223539;45125117;45125117;0;K15973 KEIKO MECHERI INTERLUX
0;10907264;10907264;0;K20020 WHYTE & MACKAY
0;10907567;10907567;0;K20330 KAVALLARIS A LTD
16223484;0;0;0;K22233  –”“ŒÕ ŒŒŒ                                                                                   
0;21740298;21740298;0;K23456 N.R.G. KOLOS CORPORATION OOO
15233568;0;0;0;K30013 KIMMI –Ë¯˝Ò
0;23815605;23815605;0;K33355 KORONA OOO
0;22573305;22573305;0;K34567 K KARL LAGERFELD
0;21946809;21946809;0;K35818 KAMCHADAL ZAO
10902952;0;0;0;K44455 KOLBER WATCHES
0;10907367;10907367;0;K50050 KONSTANTINOPOLSKAYA
0;26182997;26182997;0;K54321 KIEHL'S PBI
16222221;0;0;0;K55543 K & K
0;24141551;24141551;0;K55543 K&K
16222847;45123748;45123748;0;K55545 KILIAN ESTERK
15481433;0;0;0;K555544 KEEL TOYS
0;10907401;10907401;O_SUP332;K55555 KIPLING EUROPE DIVISION
13477160;0;0;0;K55555  Œ–ŒÕ¿ ŒŒŒ
0;26205725;26205725;0;K56999 KASKAD LOGISTIC
11039767;0;0;0;K56999  ¿— ¿ƒ OOO
0;37442640;37442640;O_SUP514;K65432 KAGANSKI & Co GMBH
16223626;10907210;10907210;0;K66666 KONFAEL JCS
;0;0;0;K66666 KONFAEL.JCS
0;10907402;10907402;0;K99988 NANSECK KRAUS & CO
0;10907568;10907568;0;K99996 ODINTSOVSKAYA COND FABRICA
10902953;0;0;0;K99999 KENZO JEW DP RBL
0;45126192;45126192;0;KAGANSKI & CO GMBH                                                                                  
162236620;45125272;45125272;0;KF33315 KORLOFF Interlux 2
0;37509375;37509375;0;KI12345 KINSKI Esterk
0;32311264;32311264;0;KL12345 KEEL TOYS
15601787;0;0;0;KM100000 Ã≈ƒ≈ﬂ
16223662;45125409;45125409;0;KM12389 KEIKO MICHERY (À¿ ÿ≈–»)
16223622;45125274;45125274;0;KM22230 KEIKO MECHERI INTERLUX 2
14080114;0;0;0;KO15151  ŒÕ»  ŒŒŒ
0;26194156;26194156;0;KO22215 KONIC OOO
15357422;0;0;0;KONIC GR
0;10907211;10907211;0;KZ139 KENZO JEW
15981417;0;0;0;KZ55555 ERCI
0;11039705;11039705;0;KZ6666 KENZO FASHION
0;10907212;10907212;0;L00000 ESTEE LAUDER DKNY SKY
0;10907316;10907316;0;L00001 DONNA KARAN E.Lauder
0;10907213;10907213;0;L00002 ESTEE LAUDER CLINIQUE
0;10923929;10923929;0;L00004 MICHAEL KORS E.LAUDER
0;10907403;10907403;0;L00005 ARAMIS E.LAUDER
0;11584055;11584055;0;L00006 MISSONI E.LAUDER
0;20257031;20257031;0;L00007 TOM FORD BEAUTY E.Lauder
11852186;0;0;0;L0001 LANCOME DP SKY
0;10907265;10907265;0;L02057 ARDEN LAGERFELD
0;10907404;10907404;0;L02058 ELIZABETH ARDEN SKY
0;10907317;10907317;0;L10001 LLADRO
0;10907368;10907368;0;L10003 LANVIN EURO
0;10907569;10907569;0;L100050 LA POUYADE
16222232;10907509;10907509;0;L10006 LONGCHAMP
0;10907510;10907510;0;L10007 LONDON PEARL COMPANY
16223587;10907406;10907406;0;L10013 CHLOE COTY
0;25616944;25616944;0;L10014 LANCASTER Coty
16223588;19259440;19259440;0;L10019 MARC JACOBS COTY
0;38035218;38035218;0;L10020 OPI Coty
10902959;10907511;10907511;O_SUP423;L10030 LA SETA MANTERO
0;10907407;10907407;0;L10031 LA SETA MANTERO SKY
0;10907214;10907214;0;L10047 LOUIS ROEDERER S.A.
0;10907215;10907215;0;L10055 CHAMPAGNE LAUREN PERRIER
11075402;0;0;0;L11000 À≈Ã¿- Œ– OOO
10902958;0;0;0;L11111 LONGCHAMP
0;10907216;10907216;0;L11112 LULU GUINNESS SKY
0;10920039;10920039;0;L11119 LF CONSALTING LTD
0;10923957;10923957;0;L12000 LIBERTY
15828970;10907318;10907318;0;L12222 LINDT
10912772;0;0;0;L13098 LA SETA MANTERO EURO
15840663;34495127;34495127;0;L13579 LUDING OOO
0;10907408;10907408;0;L14808 LANCEL SKY
16140707;10907409;10907409;0;L15808 LANCEL
15982202;10907266;10907266;0;L16872 ESTEE LAUDER PARFUME
0;10907319;10907319;0;L16873 ESTEE LAUDER SKY
15975634;45121260;45121260;0;L17000 LIFETRONS
0;10907570;10907570;0;L20014 LANCASTER SKY
11689272;0;0;0;L25116 LANVIN COUTURE RBN
0;32095286;32095286;0;L33312 LEXIIM OOO
0;37950582;37950582;0;L33356 LADOGA
0;10907217;10907217;0;L40433 LONGINES
0;43147037;43147037;0;L44115 LAVIANA ART LIMITED
15922954;0;0;0;L44444 OOO À‘¡
14867972;20475049;20475049;O_SUP155;L54321 L'OCCITANE
10902957;10907320;10907320;0;L55545 LUXOTTICA EURO
14116318;0;0;0;L65655 LANCASTER - ≈ƒ»Õ¿ﬂ ≈¬–Œœ¿
0;10924096;10924096;0;L70583 LIR CHOCS MARY WHITE
0;33716588;33716588;0;L76543 LANVIN SUNGLASSES
0;10924079;10924079;0;L88888 GRAND CITY OOO
0;30771147;30771147;0;L99908 LANCEL BOUTIQUE
15087679;10907513;10907513;0;L99989 LEGO OVERSEAS A/S
0;22245319;22245319;0;L99999 LES COPAINS (BVM)
0;45120901;45120901;0;LA33312 LAMARTIS
0;24329398;24329398;0;LA55516 LAMY-ALD INT
0;0;0;O_SUP424;LANCEL SKY
15358688;40531999;40531999;0;LC0001 LES CONTES
16223953;0;0;0;LC00440 LES CONTES –»◊                                                                              
14008246;0;0;0;LC23456 LACOSTE - ≈ƒ»Õ¿ﬂ ≈¬–Œœ¿
0;40530128;40530128;0;LES CONTES
16223041;0;0;0;LG00037 À¿ ÿ≈–» √–”œœ
0;20251636;20251636;0;LG3333+ LINIYA-GRAFIK ZAO
0;24224617;24224617;0;LL1234 LOLITA LEMPICKA ESTERK
0;12143309;12143309;O_SUP024;L'OREAL
14877652;0;0;0;L'OREAL LUX GROUP
13934538;29342664;29342664;0;LP22222 L'OREAL PARIS
0;10907571;10907571;0;LU124 LUKAS
0;24207805;24207805;0;LVMH
0;29202341;29202341;0;LW20005 LOEWE PERFUMES
10913918;0;0;0;M00000 MAJORICA EURO
10902960;0;0;0;M00001 MASTER DISTRIBUTION
0;10907459;10907459;0;M00001 MONT BLANC P&G
10902961;0;0;0;M00002 Ãƒ 
10902962;0;0;0;M00003 METRO & KERRI
11380711;0;0;0;M00008 MARKET CONNECTIONS
10902963;0;0;0;M00010 MARTHEL ZAO
10902964;0;0;0;M00011 CROCUS
0;10924083;10924083;0;M00056 PRICILLA CHAN
16223781;0;0;0;M00137 MADARA ¬» “Œ–»ﬂ                                                                              
16223732;45125577;45125577;I_SUP411;M00411 ŒŒŒ ÃŒÀ≈ ”À¿                                                                                 
11410701;0;0;0;M0101010 Ã≈“–Œ  ≈ÿ ›Õƒ  ≈––»
10902965;0;0;0;M02000 MILLENIUM-2000
10902966;0;0;0;M03000 MAGISTR BIBENDI OOO
16223637;45125931;45125931;0;M04660 ŒŒŒ ÃË‡ÌË
10902967;0;0;0;M10000 MOBIL-KONSTANT OOO
0;10940038;10940038;0;M10010 MOBILE ENERGY
0;10907460;10907460;0;M10043 MONT BLANC INT BV
0;10907321;10907321;O_SUP500;M10045 MEUKOW FELINE COGNAC
15900160;10924084;10924084;0;M10049 MARS HOLLAND
0;10924092;10924092;0;M10052 M.BOWMORE SCOTCH WHISKY
0;10924085;10924085;0;M10066 MS HOLDING AMBER
0;10924081;10924081;0;M10066+ MS HOLDING PLUS
0;10924086;10924086;O_SUP522;M10088 MARNE & CHAMPAGNE DIFFUSION
0;10907574;10907574;0;M10092 MEISER CONSULTANCY
0;10924104;10924104;0;M10094 MARKET CONNECTION EURO SKY
0;10924103;10924103;0;M10095 WRIGHT MARKET CONN JEW
15981555;45121261;45121261;0;M10096 AYDYA LTD TRAVALO MC
0;10907575;10907575;0;M10097 MOET & CHANDON
10902970;0;0;0;M10555 MISAKI V.T.LTD
0;10907324;10907324;0;M10980 MAJORICA EURO
10912570;0;0;0;M11000 ÿ¿–Ã OOO
10902971;0;0;0;M11001 MERKURIY OOO
0;10907514;10907514;0;M11100 MARC ROZIER
0;10907515;10907515;0;M11111 C.I.T.A.
0;10924105;10924105;0;M11194 MARKET CONNECTION USD SKY
0;32455976;32455976;0;M11555 MANCERA ESTERK
12738343;0;0;0;M12300 MAUI JIM SUNGLASSES
0;10970781;10970781;0;M12333 MARCO FANTINI
0;10907219;10907219;0;M12345 MAJORICA PSTA SKY
10969454;10924116;10924116;I_SUP076;M12346 —“¿–€… Ã¿—“≈– Õ¬ ŒŒŒ
0;40267364;40267364;0;M12456 MEDVED TD OOO
0;10907576;10907576;0;M13579 MDB TE GROUP
0;10907577;10907577;0;M15360 MANAKAS
0;27137465;27137465;0;M16789 Ãﬂ√ »… Ã»– OOO
11002275;0;0;0;M20001 ÃŒ¡¿…À ›Õ≈–ƒ∆»
0;10907269;10907269;0;M20002 MONTBLANC SIMPLO GMBH
16064645;19241819;19241819;0;M20031 MOSCHINO Euroitalia
11641982;10907578;10907578;O_SUP556;M21345 MD GOURMEX LTD
0;25951767;25951767;0;M22223 MARUSYA BEVER RUSS OOO
15981670;10923916;10923916;0;M23222 MORGAN & OATES
13441619;0;0;0;M33000 ¿—-Ã¿– ≈“
0;23768789;23768789;0;M33312 AS-MARKET
0;10907517;10907517;0;M44118 MARCO POLO
13539670;0;0;0;M44499 Ã≈–»ƒ»¿Õ “–≈…ƒ»Õ√
0;13595690;13595690;0;M47777 MILUS WEINER WATCH GROUP
0;10907414;10907414;0;M51047 MISAKI VT LTD SKY
11103527;10907415;10907415;0;M54321 MARCOLIN
0;34274819;34274819;0;M54789 LA MARQUISE
0;19116074;19116074;0;M55511 TOBACCO MARKETING MU
0;40062409;40062409;0;M55545 SIA MONO
0;40529713;40529713;0;M55555 MAV
14008128;0;0;0;M56789 MOSCHINO - ≈ƒ»Õ¿ﬂ ≈¬–Œœ¿
15954362;0;0;0;M57700 MGI LUXURY GROUP S.A.
10902973;0;0;0;M66666 MAJORICA DP
16223418;0;0;I_SUP089;M71113 ŒŒŒ Ã¿––”——»ﬂ
0;10907270;10907270;0;M73579 RAYMOND WEIL WATCHES
0;42567702;42567702;0;M75321 MEIRA T
0;37221726;37221726;0;M87654 MAISON MARTIN MARGIELA PBI
0;10923966;10923966;0;M88888 MAGESTIC IMPEKS OOO
0;10923909;10923909;0;M88899 MARCHON UK LTD
15971536;0;0;0;M89765 MORELLATO
14008127;0;0;0;M98765 MEXX - ≈ƒ»Õ¿ﬂ ≈¬–Œœ¿
0;44667433;44667433;0;M99945 MARKA
0;10907518;10907518;0;M99979 MATTEL EUROPA
0;10907579;10907579;0;M99980 MAJORICA S.A.
0;10907325;10907325;0;M99989 EDRINGTON                                                                                    
0;13641521;13641521;0;M99999 MAUI JIM SUNGLASSES
14050013;0;0;0;MA252000 MAMIX
16223577;45125188;45125188;0;MA8888 Ã»Õ»”Ã ¿–“  ŒÀÀ
15481810;36919341;36919341;O_SUP525;MD GOURMEX LTD
16223727;0;0;0;MF5432 MAX FACTOR -≈ƒ»Õ¿ﬂ ≈¬–Œœ¿                                                                    
0;22297157;22297157;0;MHCS001 MHCS-SERVICE CLIENT&OPERATIONS LOGISTQUES
15946888;0;0;0;MIL1234 Ã»À¿–
14008126;0;0;0;MJ33330 MARC JACOBS - ≈ƒ»Õ¿ﬂ ≈¬–Œœ¿
16223787;45125704;45125704;0;MO00672 ATKINSONS                                                                                   
16064641;41947842;41947842;I_SUP127;MONTALE ¡‡ÎÚËÍÓÏ
13934708;15934937;15934937;0;MP55555 MEPI
16222219;0;0;0;MR32654 MARCEL ROBERT
0;39279514;39279514;0;MT12345 MAGIC TEXTILE TRADING LTD
10902974;0;0;0;N00001 NOVAYA ZARYA
10902975;0;0;0;N10001 NATURAL PRODUCTS ZAO
0;10907220;10907220;0;N10002 N.RICCI COUTURE EURO
0;10923906;10923906;0;N10003 N.RICCI COUTURE FFR
0;10907519;10907519;0;N10011 SAFILO
0;10923864;10923864;0;N10020 NUOVA MOKAS SRL
0;10907520;10907520;0;N10022 N.RICCI SKY
0;10907326;10907326;0;N10031 NORIKO IRELAND LTD
10902976;0;0;0;N11111 NICLAS AG
12310664;0;0;0;N11133 Õ¿¡Œ–€ œ¿–‘ﬁÃ≈–»» »  Œ—Ã≈“» »
0;21910627;21910627;0;N12333+ NASLEDIE
0;22422552;22422552;0;N12345 NASLEDIE OOO
13053302;0;0;0;N12345 Õ¿—À≈ƒ»≈
0;10907271;10907271;0;N15150 NEMIROFF COMPANY
0;14325868;14325868;0;N15336 NIKE LLC (RUSSIA)
10909574;0;0;0;N22222 NINA RICCI COUTURE DP RBN
0;10907521;10907521;0;N34420 NESTLE WORLD TRADE
0;32300083;32300083;0;N55555 NAT OOO
16222844;0;0;I_SUP394;N66656 ◊»—“Œ≈ Õ≈¡Œ
15967978;0;0;0;NAVI
0;41947840;41947840;0;NAVI PLU
0;36316569;36316569;0;NB0001 NOUVELLE BAGUE
0;39883260;39883260;O_SUP527;NEFT VODKA DISTRIBUTION LLC
16064071;0;0;I_SUP369;NL654321 Õ≈ —»“ ÀŒ√»—“»  OOO
14008129;0;0;0;NR12345 NINA RICCI - ≈ƒ»Õ¿ﬂ ≈¬–Œœ¿
10902977;0;0;0;O00001 ARMAGON OOO
11138584;0;0;0;O10000 Œƒ»Õ÷Œ¬— ¿ﬂ  ŒÕƒ»“≈–— ¿ﬂ ‘¿¡–» ¿ OOO
0;10907522;10907522;0;O10001 ORO VITCHENZA
16222231;10907523;10907523;0;O10004 PHILIPS DAP DIVISION
0;10907272;10907272;0;O10005 CAROLE PLUS GOLDOAK
0;10907416;10907416;0;O10006 MERAKETECH
0;45121114;45121114;0;O10096 CLARISONIC PBI
10902978;0;0;0;O11000 OST-ALCO
10902979;0;0;0;O11111 OCEAN+
0;10907371;10907371;0;O20770 OST-ALKO
16064069;0;0;I_SUP147;O33456 Œœ“»Ã¿“Œ–√ OOO
16223552;45124635;45124635;0;O45566 AJ Arabia Œ·ÒË‰Ë‡ÌÚ
16223627;45125285;45125285;0;O55533 TDK (ORO GOLD)
16147160;37985082;37985082;0;O65321 AMOUAGE Œ·ÒË‰Ë‡ÌÚ
16223729;0;0;I_SUP404;O65432 ¬Œ—‹Ã¿ﬂ »Ãœ≈–»ﬂ ŒŒŒ                                                                         
0;45122971;45122971;0;O86421 RSG TRADING LLP
0;25883873;25883873;0;O99911 OLD PARFUME
0;15218729;15218729;0;O99999 OAKLEY
16222989;0;0;0;OE5555 «¿Œ Œ–»≈Õ“¿À › —œ–≈——
15981118;43239345;43239345;0;OK00364 OB KONDITERY OOO
12266153;0;0;0;OLD PARFUME
15968014;0;0;0;OLD_PLU
0;0;0;I_SUP382;OOO ¿¬“Œ√–¿‘
0;0;0;I_SUP146;OOO “  √–¿“-¬≈—“
0;0;0;I_SUP240;OOO ﬁœ»“≈–
16222683;0;0;0;OP65433 Œœ“»Ã¿ œÀﬁ—
0;45126108;45126108;0;OSUP694 CHOBI                                                                                       
0;45126109;45126109;0;OSUP695 MONNALISA                                                                                   
0;45126172;45126172;0;OSUP697 BE KEEN LIMITED                                                                             
0;45126324;45126324;0;OSUP699 MAFRAT SPA                                                                                  
0;45124213;45124213;0;OV55550 OVERSEAS
0;45126113;45126113;0;OVERSEAS                                                                                            
0;10907327;10907327;0;OX162 OXYGEN SKY
0;12143016;12143016;0;P&G
16223607;0;0;0;P&G____
16223407;45124728;45124728;0;P000005 ŒŒŒ œ–Œ¬¿Õ—
0;10907372;10907372;0;P00555 PEPSI Co
16223685;10907524;10907524;O_SUP158;P01997 LA PRAIRIE
16157273;10907525;10907525;0;P05321 PACO RABANNE PUIG
0;10907273;10907273;0;P05322 PACO RABANNE SKY
10902982;0;0;0;P10000 PEPSICO HOLDINGS OOO
16157277;10907328;10907328;0;P10000 PRADA PUIG
10902983;0;0;0;P10001 PIVNOY DOM
0;10907462;10907462;0;P10001 PREMIER PORTFOLIO EURO SKY
0;10907526;10907526;0;P10055 VALORA TRADE DENMARK
14877524;10907274;10907274;0;P10078 CACHAREL PBI
16223582;10907329;10907329;0;P10079 RALPH LAUREN PBI
14877523;10907463;10907463;O_SUP072;P10080 GIORGIO ARMANI PBI
16177698;10907222;10907222;0;P10081 PALOMA PICASSO PBI
0;10907417;10907417;0;P10082 GUY LAROCHE PBI
14877525;10907373;10907373;0;P10085 VICTOR & ROLF PBI
0;12560437;12560437;0;P10095 DIESEL PBI
15981229;10907275;10907275;0;P10099 HELENA RUBINSTEIN PBI
0;10907418;10907418;0;P10780 CACHAREL PBI SKY
0;10907223;10907223;0;P10800 GIORGIO ARMANI PBI SK
0;10922057;10922057;0;P10997 LA PRAIRIE SKY
0;10907582;10907582;0;P11000 POLYOT WATCHES
0;10907527;10907527;0;P11100 PRADA SKY
0;10907583;10907583;0;P11111 PORTSELAN
0;10907419;10907419;0;P11112 PIA PRETOR
0;14919314;14919314;0;P11115 PORTOLANO
16223709;45125473;45125473;0;P12000 12 PARFUMERS INTERLUX 2                                                                      
11713782;0;0;0;P12333 PORTOLANO
0;10907464;10907464;0;P12345 P.KOASTAS & CIE EVEE
10902984;0;0;0;P12345 POLICE TIME
15192910;10907584;10907584;0;P14673 LANCOME PBI
0;10907585;10907585;0;P14674 L'OREAL PBI SKY
0;10907276;10907276;0;P15548 CARTIER PARFUME
0;18424894;18424894;0;P15789 PROGRESS-PLUS OOO
10902985;0;0;0;P17001 ORCHID ZAO
15834392;10907420;10907420;0;P17290 GIVENCHY PARFUMS
0;10907465;10907465;0;P17291 GIVENCHY SKY
0;10923902;10923902;0;P18784 ARDEN LAGERFELD OLD
0;45123046;45123046;0;P234550 œŒ√¿–— ¿ﬂ —»√¿–≈“ÕŒ-—»√¿–Õ¿ﬂ ‘¿¡–» ¿
0;45125854;45125854;0;P34567 PIQUADRO                                                                                     
15979893;0;0;0;P52011 PANASONIC MARKETING CIS OY
0;16821329;16821329;0;P55511 EL PACO
0;45120830;45120830;0;P65656 PAL ZILERI LAB
14382789;0;0;0;P66651 PRADA - ≈ƒ»Õ¿ﬂ ≈¬–Œœ¿
0;42767493;42767493;0;P77721 PRINCIPE
0;16332029;16332029;0;P85858 PAL ZILERI
0;29316730;29316730;0;P87654 POLICE TIME WATCHES
15975548;0;0;0;P88888 PUIG SKY
16223541;45125116;45125116;0;P97531 PERRIS MONTE CARLO Interlux
0;10907421;10907421;0;P98999 ORCHID COMPANY
0;16584038;16584038;0;P99988 PATRON SPIRIT COMPANY
0;10907224;10907224;0;P99989 PASCO GMBH
0;10907467;10907467;0;P99997 PANASONIC C/S
0;13034660;13034660;0;P99999 PAT SAYS NOW
15407860;0;0;0;PA55555 PARKER
0;42767489;42767489;0;PAL ZILERI GROUP
16223876;45126059;45126059;0;PARFUME HOLDING                                                                                     
15317860;0;0;0;PARFUME SALE
0;10907468;10907468;0;PC10001 CARTIER WATCHES
0;10907225;10907225;0;PC10002 CARTIER JEWELLERY
0;10907331;10907331;0;PD11234 PREMIER DRINK
0;0;0;O_SUP635;PERNOD RICARD EUROPE
0;12336953;12336953;0;PI99999 PIANEGONDA
0;10967454;10967454;0;PL33515 PORTOLANO GUANTI
0;45125410;45125410;0;PM 12399 PARRIS MONTE CARLO (À¿ ÿ≈–»)
16223663;0;0;0;PM12399 PARRIS MONTE CARLO (À¿ ÿ≈–»)
16223623;45125275;45125275;0;PM44450 PERRIS MONTE CARLO Interlux 2
12489786;0;0;0;PR 123366 PREMIER PORTFOLIO
0;10907422;10907422;0;PR0001 PREMIER PORTFOLIO USD SKY
12428766;0;0;0;PR200002 œ–Œ√–≈——-œÀﬁ— ŒŒŒ
14008262;0;0;0;PR23334 PACO RABANNE - ≈ƒ»Õ¿ﬂ ≈¬–Œœ¿
15971533;0;0;0;PT23456 PT SWITZELAND
0;24207678;24207678;0;PU23888 PUCCI VIVARA/VARIAZIONI/MISS PUCCI
16157331;10971322;10971322;0;PUIG
15059512;0;0;0;PW55555 POLICE TIME WATCH
10902987;0;0;0;R00002 –”—¿√–Œ“Œ–√ ÃŒ— ¬¿
0;10907226;10907226;0;R00101 ROSA ROSE GOLD
16064643;0;0;0;R00368 –≈ — “–≈…ƒ»Õ√ Œ¿Œ
10902990;0;0;0;R10001 RARITET OOO
0;10907529;10907529;0;R10001 RUSAGROTORG MOSCOW
10902991;0;0;0;R10010 RAYSTAR OOO
0;10907423;10907423;0;R10017 ROLNIK PUBLISHERS
0;10907530;10907530;0;R10024 MARTINI-BACARDI
0;10924126;10924126;0;R10047+ BIONT LTD RBN
0;10907533;10907533;0;R10053 REMY MARTIN
0;10907534;10907534;0;R10058 NIAGARA FOODS
16032127;10907277;10907277;0;R10060 BVLGARI
0;10923891;10923891;0;R10063 RENE CUSACK LTD
0;10907278;10907278;0;R10068 RONSON INT USD LTD
10902994;0;0;0;R11111 LEKERY OOO
16222765;0;0;0;R11133 RICH ¬» “Œ–»ﬂ
10910007;0;0;0;R12345 RATTI COLLECTION
0;22575112;22575112;0;R12345 RUSSIAN OSETR
0;10907424;10907424;0;R12369 RADO WATCHES
0;10907469;10907469;0;R16900 ITIL (REEMTSMA INT)
15233566;40530149;40530149;0;R20012 RANCE
16223954;0;0;0;R200440 RANCE –»◊                                                                                   
0;23023836;23023836;0;R22222 RUSSIAN OSETR - ADYGEYA OOO
0;32030767;32030767;0;R25255 ROTOR HOUSE
11696609;0;0;0;R25255 –Œ“Œ– ’¿”—
16157275;10907535;10907535;0;R35840 N.RICCI Puig
10902943;10907586;10907586;0;R50938 DESIGN GO
0;30535632;30535632;0;R55531 RUSSIAN CAVIAR HOUSE
0;10933449;10933449;0;R55545 ROBERTA DI CAMERINO GENERLUX
0;10907332;10907332;0;R63835 BAT INTL (ROTHMANS INT)
0;10923886;10923886;0;R76234 ROUGIE
11390230;45120595;45120595;I_SUP002;R888888 –”—“ »Õ Œ–œŒ–›…“≈ƒ
0;10907374;10907374;0;R89732 RUSS BERRIE UK LTD
13698064;23815698;23815698;0;R99999 ROSALKO-NEVA ZAO
0;44909073;44909073;0;RB7777 ROBERTO BRAVO
15439549;0;0;0;RC12345 Roberto Cavalli - ≈ƒ»Õ¿ﬂ ≈¬–Œœ¿
0;0;0;O_SUP670;RICHEMONT INTERNATIONAL SA
0;10907279;10907279;0;S&S5421 SEA & SKY SUPPLY
0;45124999;45124999;0;S.A.S. SONIA RYKIEL C. D. M
10902996;0;0;0;S00001 SOI-2
10902997;0;0;0;S00002 NIAGARA FUDS
10902998;0;0;0;S00003 SLIMSITY OOO
11164767;0;0;0;S00004 —œŒ–“À¿…Õ OOO
0;10907587;10907587;0;S00010 SCHABAK
16223584;0;0;0;S01607 SHISEIDO
0;10907536;10907536;O_SUP166;S01607 SHISEIDO EUROPE
10903000;0;0;0;S02000 SHARK-2000
16223232;10907425;10907425;0;S03853 SCANNON / GUCCI P&G
0;10907538;10907538;0;S03854 COSMOPOLITAN COSMETIC
10903001;0;0;0;S10000 SHANTERI OOO
16223229;10907470;10907470;0;S10000 SONYA RYKIEL
10903002;0;0;0;S10001 SELDICO OLD
0;10907375;10907375;0;S10002 SIBER HEGNER GIVENCHY
0;10907376;10907376;0;S10012 SOLVAR
14046274;10907377;10907377;0;S10014 SAMSONITE EUROPE
0;10907227;10907227;0;S10067 SHEAFFER
0;10907588;10907588;0;S10073 ALTADIS
0;10907426;10907426;0;S10089 SWEET TALK CONFECTION
0;10907427;10907427;0;S10093 SWISHER INT LTD ARI
10903004;0;0;0;S10100 STOLWERCK FAIN CHOCOLATE
13473946;10907228;10907228;0;S10103 STORCK INTERNATIONAL
0;10907280;10907280;0;S10113 SENSUS
0;10907428;10907428;0;S10116 ST.DUPONT
16223900;0;0;0;S10133                                                                                              
10903005;10907281;10907281;O_SUP306;S10133 SWAROVSKI JEWELLERY
14012059;18455689;18455689;0;S10134 SWAROVSKI WATCH
0;10907282;10907282;0;S10137 SWATCH GROUP UK
0;10907333;10907333;0;S10201 STAR CASE
0;10907378;10907378;0;S10333 SCORPIO SKY EURO
11450576;0;0;0;S10333 SCORPIO TRAVEL RETAIL
16222994;45123641;45123641;I_SUP105;S10500 ŒŒŒ —¿ — »√–”ÿ »
10903006;10907471;10907471;O_SUP316;S11001 SILHOUETTE INT
0;10907283;10907283;0;S11223 SCORPIO SKY USD
10903007;0;0;0;S120000 ALMEIRA OOO
0;10907334;10907334;0;S12345 SNIPE BRANDS
15964075;0;0;0;S13579 SAG TRADING LLC
0;10907380;10907380;0;S15450 SPLVZ OOO
10903008;0;0;0;S20001 MAGARACH 000
13978109;0;0;0;S20002 SELDICO GIVENCHY
0;10907335;10907335;0;S20030 SPI SPIRITS CYPRUS
13978110;0;0;0;S30003 SELDICO GUERLAIN
0;22552919;22552919;0;S30030 STELLA MCCARTNEY PBI
14114614;10912490;10912490;0;S33333 SOUNDLINE
0;32634464;32634464;0;S35353 JFM HELLO KITTY
13978111;0;0;0;S40004 SELDICO KENZO
13978112;0;0;0;S50005 SELDICO DIOR
15968003;0;0;0;S54321 SISLEY
0;28821048;28821048;0;S55666 SCORPIO PARFUME
0;10907472;10907472;0;S57279 SOLATREX CITIZEN
0;10907229;10907229;0;S59555 TECHSOYUZ SONY/KONICA USD
15116112;0;0;0;S60006 SELDICO FENDI
0;43209096;43209096;0;S60017 SERGE LUTENS SHISEIDO
0;45126434;45126434;0;S60018 NARS SHISEIDO                                                                                
16222987;45124013;45124013;0;S67891 SHAIKH Esterk
0;10907381;10907381;0;S70216 OMEGA WATCHES
0;10907336;10907336;0;S84443 SWAROVSKI SKY
16222282;0;0;0;S88888 Seeberger
13672185;0;0;0;S88888 SKAGEN
16223030;0;0;0;S97531 »œ —¿ÃŒƒ”–Œ¬— »…
16223902;0;0;0;S99989                                                                                              
13976024;10907473;10907473;0;S99989 SWAROVSKI SILVER CRYSTAL
0;10907474;10907474;0;S99999 SKYSHOP PARF OLD
16222281;0;0;0;S99999 Stetson
0;45120762;45120762;0;SB23333 SONYA BY
16147138;13720558;13720558;0;SC12345 SCORPIO TRAVEL RETAIL
15357423;0;0;0;SC15151 SCHLEICH
0;10907337;10907337;0;SCH123 EUGEN SCHOFER GMBH
15205850;0;0;0;SCORPIO DISTR GROUP
13978108;0;0;0;SELDICO GROUP
16222266;42567736;42567736;0;SF25836 SCUDERIA FERRARI
16223621;45125273;45125273;0;SG55510 SILLAGE Interlux 2
16223050;0;0;;SH33333_SCHCHARD&FRIESE
0;45123389;45123389;0;SHISEID0
16223756;0;0;0;SHISEIDO GR                                                                                         
10902999;0;0;0;SHUAR OOO
0;20248912;20248912;0;SI1234 SISLEY
0;42567128;42567128;0;SK55511 SKAGEN
0;45125518;45125518;I_SUP409;SKW409 SKW (ŒŒŒ ›—. ≈….¬¿…+ )                                                                       
0;30337724;30337724;O_SUP236;SM12345 SWISS MILITARY - HANOWA
16223228;45120761;45120761;0;SONYA RYKIEL
11418709;0;0;0;SP12345 ¬€¡Œ– OOO
16223343;45124442;45124442;I_SUP396;SP88820 —“ŒÀ»◊Õ€≈ œŒ—“¿¬ » ŒŒŒ
15963513;25925276;25925276;0;SS00011 SWISS SMILE
0;10907475;10907475;0;ST0000 STEP GROUP OOO
0;10907476;10907476;0;ST12345 TAMBER SP
0;43255349;43255349;0;ST65545 STROCHKOV IP
0;45125650;45125650;O_SUP671;SUP671 AUTOGRAPH TRAVEL LIMITED                                                                     
16054718;0;0;0;SUPPLIERS 01 (LIQUORS / MINIATURES)
0;25344343;25344343;0;SUPPLIERS 01 (LIQUORS)
0;25344339;25344339;0;SUPPLIERS 05 (FASHION / ACCESSORIES)
16054681;0;0;0;SUPPLIERS 05 (FASHION/ACCESSORIES)
0;25344328;25344328;0;SUPPLIERS 09 (SOUVENIRS / MUSIC / BOOK)
16054705;0;0;0;SUPPLIERS 09 (SOUVENIRS / MUSIC)
16054683;0;0;0;SUPPLIERS 14 (TOYS / TRAVEL)
0;25344254;25344254;0;SUPPLIERS 14 (TOYS)
0;25344255;25344255;0;SUPPLIERS 16 (TRAVEL)
16150151;0;0;0;SUPPLIERS 17 (»–À¿Õƒ— »… ¡¿–)
16223766;0;0;0;SUPPLIERS 33 (TESTER)                                                                               
0;25344253;25344253;0;SUPPLIERS 99 (IRISH BAR)
0;25258383;25258383;0;SUPPLIERS OLD
0;45120571;45120571;0;SVO1112 SHEREMETEVO PROCESSING OOO
0;0;0;O_SUP666;SWAROVSKI INTERNATIONAL DISTRIBUTION AG
16223504;0;0;0;SZ4444 —À¿¬¿ «¿…÷≈¬ À¿ ÿ≈–»
10903009;0;0;0;T00001 “”–ÕŒ OOO
10903011;0;0;0;T00003 TRIANON-SERVICE
10903012;0;0;0;T00005 TOYDICO
10903013;0;0;0;T00010 Ã¿∆≈—“» -»Ãœ› — ŒŒŒ
0;26043347;26043347;0;T01015 TOM FORD PRIVATE BLENDS E.Lauder
0;28821448;28821448;0;T05555 TOCHKA OPORY+
0;10907230;10907230;0;T10000 TASHIA
10903016;0;0;0;T10039 TISSOT DP
0;10907231;10907231;0;T10044 THOMAS HINE COGNAC
15876813;10907232;10907232;0;T10045 TRAVEL RETAIL INNOVATIONS
0;10923839;10923839;0;T10050 TOMS CONFECTIONERY
0;10907233;10907233;0;T10067 DOLCE & GABBANA WATCH
0;10907477;10907477;0;T10075 T&T CO
10913973;0;0;0;T11000 “–›Õƒ  ŒÀÀ› ÿÕ ŒŒŒ
15205852;0;0;0;T11115 TIME DESIGN
0;10907429;10907429;0;T12345 TOMAS SABO SILVER
14113498;44550935;44550935;0;T12468 TALIKA
0;10907478;10907478;0;T20010 TARGUS EUROPE LTD
14115684;0;0;0;T22299 TBN TIME(MOSCHINO)
0;10922579;10922579;0;T23456 TUMI SKY
0;10907430;10907430;0;T32759 TEXIER
10903018;0;0;0;T33223 TEXIER DP EURO
15975543;0;0;0;T4512SK TOSCOW
0;43562369;43562369;0;T54321 TOVARITCH
0;10907382;10907382;0;T55545 PAUL & SHARK
16064637;26048125;26048125;0;T55567 TIMELESS LUXERY PRODUCTS
0;43255373;43255373;0;T65545 TONUS ŒŒŒ
0;42522400;42522400;0;T66633 TUMI
11305401;0;0;0;T7000025 “Œ–√—≈–¬»— ’’I ¬≈  OOO
14832865;0;0;0;T76543 TINTAMAR
15082379;0;0;0;T77715 “Ã’‘ √–”œœ
0;10907234;10907234;0;T78999 TROIKA
0;10907235;10907235;0;T81379 TISSOT WATCHES
0;22606740;22606740;0;T87654 TMXF OOO
0;45126036;45126036;0;T88865 ŒŒŒ “ƒ ÷¿–— »… Œ—≈“–                                                                         
16222223;0;0;0;T98765  –≈ÃÀ≈¬— »… “ƒ
0;10907383;10907383;0;T99993 TSANIKIDIS NIDDASTRASSE
15946228;0;0;0;TA11511 TBN TIME(AEROWATCH)
0;10907236;10907236;0;TAG1234 TAG HEUER WATCHES
0;12978513;12978513;0;TD1175+ SWK
0;10907479;10907479;0;TD11757 SWK TD
16223767;0;0;0;TE33333 TESTERS                                                                                     
15946229;0;0;0;TG11511 TBN TIME(GALLIANO)
0;42567748;42567748;0;TH76543 T.HILFIGER WATCHES
15946230;0;0;0;TJ11511 TBN TIME(JOHN GALLIANO)
16223333;0;0;0;TK11511 TBN Kenneth Cole
15949607;42523062;42523062;0;TM1111 TIME & MORE E.K
15880368;26195164;26195164;0;TM77717 TECHNOMARINE
0;36154933;36154933;0;TMXF GR
0;10923967;10923967;0;TR12345 TRAVELTELECOM
15946227;0;0;0;TS11511 TBN TIME(SEIKO)
10903019;0;0;0;U00001 œŒƒ¿–Œ◊Õ€… “≈ —“»À‹
11116675;0;0;0;U00002 ﬁÕ»“Œ…—-Ã OOO
16223410;45123208;45123208;I_SUP388;U00388 ŒŒŒ ‘»–Ã¿ ”Õ»“–ŒÕ
10903020;0;0;0;U10000 URVEST OOO
13070299;0;0;I_SUP255;U10022 ŒŒŒ ”–≈Õ’ŒÀ‹“
0;11352618;11352618;0;U11111 UNITOYS OOO
0;15105661;15105661;0;U12222 U.TOYS
0;10907338;10907338;O_SUP531;U14222 DIAGEO UDV+BAILEYS
11027029;0;0;0;U20000 ﬁ¬≈À»–“Œ–√ OOO
0;21961992;21961992;0;U22211 URENHOLT OOO
0;30392527;30392527;0;U55555 UNIT
0;10907179;10907179;0;U86366 UNDERBERG
12067708;0;0;0;U99999 U-TOYS
15924874;39829949;39829949;0;UM12338 UNITOYS MSK OOO
0;0;0;I_SUP190;UNITOYS-MCK
12609408;0;0;0;V0000004 ¬»Õ› —»Ã ŒŒŒ
0;10907180;10907180;0;V000003 LEIXLIP
10903021;0;0;0;V00001 VAGR OOO
0;15452243;15452243;0;V00112_ IMMAGINE S.R.L (VERSACE)
0;45125186;45125186;0;V00123 ¬ÓÎ„ÓÂ˜ÂÌÒÍ˚·ıÓÁ
16064640;43747035;43747035;I_SUP137;V00137 ¬» “Œ–»ﬂ ŒŒŒ
10903024;0;0;0;V01000 VK OOO
0;10907482;10907482;0;V10003 OCEAN+ TD
0;10923867;10923867;0;V10013 VAN DYCK BELGIAN CHOC
0;10907181;10907181;0;V10021 VICTORINOX
0;10907284;10907284;0;V10046 VEUVE CLIQUOT PONSARDIN
0;10907540;10907540;0;V11011 VAN GILS
0;10907483;10907483;0;V11111 VREMENA GODA
0;14051117;14051117;0;V11112 VERSACE ESCALE HOLDING LTD
0;10907182;10907182;0;V12002 VEL OOO
16223765;0;0;0;V12220 VAN CLEEF                                                                                    
16037549;0;0;I_SUP080;V12345 ŒŒŒ “œ  ´¬»ÀŒÕª
16064644;19229424;19229424;0;V20032 VERSACE Euroitalia
14008191;0;0;0;V32100 VERSACE - ≈ƒ»Õ¿ﬂ ≈¬–Œœ¿
0;18399637;18399637;0;V33311 VASCO INT SARL
0;10907339;10907339;0;V33344 ITALCOM
16064642;0;0;0;V37000 ¬¿ÿ≈–ŒÕ “Ó„Ó‚˚È ‡Î¸ˇÌÒ ŒŒŒ
16223643;0;0;I_SUP403;V50170 ŒŒŒ ¬¿À≈Õ—»ﬂ › —œ–≈——
16222233;28935154;28935154;0;V50909 VALENTINO PUIG
14344790;0;0;0;V54321 VALENTINO - ≈ƒ»Õ¿ﬂ ≈¬–Œœ¿
0;29007930;29007930;0;V55331 VERBILKI PORCELAIN WORKS
15953951;0;0;0;V55545 ¬≈Õ— »… › —œ–≈——  ¿‘≈
0;19139930;19139930;0;V58888 VINEXIM OOO
0;22445833;22445833;0;V777771 VISTTORG OOO
0;31862360;31862360;0;V87654+ VESTA TRADE
0;45125641;45125641;0;V88514 VILEBREQUIN                                                                                  
16143158;42578065;42578065;0;VE2333 VERSUS
11688590;0;0;0;VH10001 ¬’ »ÃœŒ–“  ¿Ãœ¿Õ»
10903026;10907541;10907541;I_SUP258;W00111 WHITE HALL CENTER
0;10924101;10924101;0;W10011 WILLIAM LUSTY LTD
0;10907542;10907542;0;W10017 WBDF_IRISH DISTILLERS
0;10923832;10923832;0;W10018 WBDF_CHIVAS BROTHERS LTD
0;10923877;10923877;0;W10019 WBDF_HIBBERTS_WINE_OLD
0;10923838;10923838;0;W10020 WBDF_MARTELL_HIBBERTS_OLD
0;10923827;10923827;0;W10021 WBDF_HIBBERTS
0;16896563;16896563;0;W10022 WBDF_ABSOLUT_HIBBERTS_OLD
0;10923889;10923889;0;W10031 WALKERS SHORTBREAD
0;10907543;10907543;0;W10038 WORLDBEST CIGARS
0;10907384;10907384;0;W10040 HENRY WINTERMAN SIGAR
0;40289496;40289496;0;W10810 WOODYSCOVERY OU
14867976;0;0;0;W22222 WHTEHOUSE LEISURE LLP
0;10907544;10907544;0;W30750 WATERFORD GLASS LTD
0;45125876;45125876;0;W41150 WHITEFIELD INVEST LTD                                                                        
0;45122135;45122135;0;W55555 WOLFORD
0;10907431;10907431;0;W59120 BEAM SUNTORY                                                                                 
0;45125374;45125374;O_SUP468;W77777 WEITNAUER DISTRIBUTION LTD
0;26195404;26195404;0;W87655 PHILLIP MORRIS DISTRIBUTION LTD
14029982;25926264;25926264;0;W98765 WELCOME+
15407861;0;0;0;WA55555 WATERMAN
0;0;0;O_SUP470;WBDF_JAMESON
0;45125712;45125712;0;WEITNAUER DISTR.                                                                                    
0;0;0;O_SUP005;WELLVELROCK LTD
0;0;0;O_SUP009;WESTA GMBH
0;45125906;45125906;O_SUP672;WHITEFIELD INVEST LTD                                                                               
14136269;42576177;42576177;0;WWF123 WWF
0;10907340;10907340;0;Y10009 MAJORICA SKY
16223579;0;0;0;Y10010 CALVIN KLEIN
0;10907285;10907285;0;Y10010 CALVIN KLEIN UNILEVER Coty
0;10907432;10907432;0;Y10013 IBB 10907432
0;10923870;10923870;0;Y10018 REAKAM INC
0;10907239;10907239;0;Y10023 VALENTINO P&G
11728831;0;0;0;Y12300 YSL BEAUTY
11446617;0;0;0;Y12345 ﬂÕ“¿–Õ¿ﬂ √–Œ«ƒ‹ ŒŒŒ
0;25979735;25979735;0;Y55511 YEREVAN BRANDY COMPANY
15192911;10907545;10907545;0;Y66648 YSL PBI
0;10907433;10907433;0;Y66649 YSL SKY
0;36919342;36919342;0;YEREVAN BRANDY COMPANY
0;0;0;O_SUP084;YVES SAINT LAURENT
11421651;0;0;0;Z0000234 —Õ— «≈À≈ÕŒ√–¿ƒ
16223759;0;0;0;Z40040 ZEGNA                                                                                        
0;22552917;22552917;0;Z40040 ZEGNA E.Lauder
0;10907484;10907484;0;ZD12345 ZENITH WATCHES
0;0;0;AA_ECO;¿–“ ¿À‹ﬂÕ— › Œ
10971588;0;0;0;¿›–ŒÃ¿–
16164141;0;0;0;¡»¡» ŒÃ
16222764;0;0;0;¬» “Œ–»ﬂ
0;41947844;41947844;0;¬»“¿-¬ «¿Œ
15598539;36919163;36919163;I_SUP366;«¿Œ ¿›–Œ‘≈–—“
0;0;0;I_SUP110;«¿Œ ¡≈ÀŒ≈ «ŒÀŒ“Œ
0;0;0;I_SUP017;«¿Œ ¡–œ»
0;0;0;I_SUP163;«¿Œ √≈¡¿
0;0;0;I_SUP028;«¿Œ ƒŒÃŒƒ≈ƒŒ¬Œ ¿›–Œ“›À‹
0;0;0;I_SUP096;«¿Œ ≈–≈¬¿Õ— »…  ŒÕ‹ﬂ◊Õ€… «¿¬Œƒ
0;0;0;I_SUP092;«¿Œ  ¿Ã◊¿ƒ¿À
0;0;0;I_SUP091;«¿Œ –Œ—¿À Œ-Õ≈¬¿
0;0;0;I_SUP224;«¿Œ –”—— »… » Œ–Õ€… ƒŒÃ
0;0;0;I_SUP122;«¿Œ —≈…À—
0;0;0;I_SUP378;«Œ¿ ¿–»–¿Ã
0;10902799;10902799;0;»«À»ÿ »
0;44513336;44513336;0;»À‹»Õ¿
0;0;0;I_SUP098;»œ ¡¿–¿ÕŒ¬ —.¬.
0;0;0;I_SUP134;»œ ¡¿÷”≈¬¿
0;0;0;I_SUP362;»œ »À‹»Õ¿ Õ.¬.
0;0;0;I_SUP100;»œ “”–¡»Õ¿ Œ.¬.
0;0;0;I_SUP393;»œ ÷€¡¿ ¬»“¿À»… ¿À≈ —¿Õƒ–Œ¬»◊
14120281;27089534;27089534;0; ŒÕ—»√Õ¿÷»ﬂ
0;45120951;45120951;0; Œ–Õ≈–€
16222277;0;0;0;À≈ ŒÕ“
14125565;0;0;0;Ã16789 ŒŒŒ Ãﬂ√ »… Ã»–
0;45125193;45125193;0;Ã»Õ»”Ã
0;0;0;I_SUP103;Œ¿Œ ”ƒ¿–Õ»÷¿
16223551;45124631;45124631;0;Œ¡—»ƒ»¿Õ“
0;0;0;I_SUP070;ŒŒŒ ´œ¿Õ›Ãª
0;0;0;I_SUP093;ŒŒŒ ´—¿Õ“Œ◊¿ª
16223892;45126149;45126149;0;ŒŒŒ ¿√–» ŒÀ‹ —»“»                                                                                   
0;0;0;I_SUP079;ŒŒŒ ¿ÀÀ»√¿“Œ–
0;0;0;I_SUP104;ŒŒŒ ¿œ–≈À‹
0;0;0;I_SUP407;ŒŒŒ ¿–ŒÕ¿
0;0;0;I_SUP155;ŒŒŒ ¿—œ≈ “
0;0;0;I_SUP083;ŒŒŒ ¿›–Œ-¡–»ƒ∆
0;0;0;I_SUP159;ŒŒŒ ¿›–Œ-¡–»ƒ∆ “–≈…ƒ»Õ√
0;0;0;I_SUP097;ŒŒŒ ¿›–Œ-¡–»ƒ∆ ﬁÕ»ŒÕ
0;0;0;I_SUP383;ŒŒŒ ¡≈√≈ÃŒ“ –”ÃﬂÕ÷≈¬Œ
0;0;0;I_SUP118;ŒŒŒ ¡»¡» ŒÃ
0;0;0;I_SUP068;ŒŒŒ ¡»√ “–≈…ƒ
0;0;0;I_SUP391;ŒŒŒ ¡» 
0;0;0;I_SUP129;ŒŒŒ ¡ŒÕ¿
0;0;0;I_SUP386;ŒŒŒ ¡“ ¡≈Õ≈‘»“
0;0;0;I_SUP135;ŒŒŒ ¬≈ƒ 
0;0;0;I_SUP032;ŒŒŒ ¬Œ—“Œ -«¿œ¿ƒ
0;0;0;I_SUP086;ŒŒŒ √≈–¿À‹“
0;0;0;I_SUP235;ŒŒŒ √   –»—“¿ÀÀ-À≈‘Œ–“Œ¬Œ
0;0;0;I_SUP398;ŒŒŒ √Œ—“»Õ€… ƒ¬Œ–
0;0;0;I_SUP376;ŒŒŒ √–¿Õƒ ¡»∆”
0;0;0;I_SUP154;ŒŒŒ √–¿“¬≈—“
0;0;0;I_SUP128;ŒŒŒ ƒ∆”—»  ŒÃœ¿Õ»
0;0;0;I_SUP087;ŒŒŒ ƒ» ƒ∆» “–≈…ƒ»Õ√
0;0;0;I_SUP360;ŒŒŒ ƒ–≈¬Œ ∆»«Õ»
0;0;0;I_SUP125;ŒŒŒ ≈¬–Œ ¿–“¿
0;0;0;I_SUP392;ŒŒŒ »Õ“≈À Ã— 
0;0;0;I_SUP112;ŒŒŒ »Õ“≈À“–≈…ƒ TK
0;0;0;I_SUP153;ŒŒŒ »Õ“≈–Àﬁ —
0;0;0;I_SUP099;ŒŒŒ  ¿— ¿ƒ ÀŒ√»—“» 
0;0;0;I_SUP113;ŒŒŒ  ¡ —≈–¬»—
0;0;0;I_SUP088;ŒŒŒ  ¬¿““–Œ
0;0;0;I_SUP131;ŒŒŒ  ¬ŒÀ»“»
0;0;0;I_SUP379;ŒŒŒ  ≈…  Ã¿– ≈“
0;0;0;I_SUP124;ŒŒŒ  ŒÀ»«≈…
0;0;0;I_SUP167;ŒŒŒ  ŒÕ» 
0;0;0;I_SUP380;ŒŒŒ  ŒÕ÷≈œ“-¡¿–
0;0;0;I_SUP077;ŒŒŒ  –»—“¿ÀÀ-¬≈—“
0;0;0;I_SUP400;ŒŒŒ  –”“ŒÕ
0;0;0;I_SUP130;ŒŒŒ  ”’Õﬂ π 1
0;0;0;I_SUP109;ŒŒŒ À¿ œ≈ÀÀ≈ ‘≈ÿÕ
16223661;45125408;45125408;0;ŒŒŒ À¿ ÿ≈–» ¬Œ–Àƒ
0;0;0;I_SUP410;ŒŒŒ À¿ ÿ≈–» ¬Œ–Àƒ œ–Œƒ¿ ÿÕ
0;0;0;I_SUP384;ŒŒŒ À¿Ã¿–“»—
0;0;0;I_SUP381;ŒŒŒ À≈ ŒÕ“
0;0;0;I_SUP119;ŒŒŒ À‘¡
0;0;0;I_SUP145;ŒŒŒ Ã¿–”—ﬂ ¡≈¬≈–≈ƒ∆»— –”—
0;0;0;I_SUP168;ŒŒŒ Ã»À¿–
0;0;0;I_SUP389;ŒŒŒ Ã»Õ»”Ã
0;0;0;I_SUP108;ŒŒŒ ÃŒƒ¿ œ–≈Ã»”Ã
0;0;0;I_SUP136;ŒŒŒ Õ≈¬— »… ¡≈–≈√
0;0;0;I_SUP143;ŒŒŒ Õ» - 
0;0;0;I_SUP042;ŒŒŒ Õ‹ﬁ-Œœ“» ¿
0;0;0;I_SUP117;ŒŒŒ Œ¡—»ƒ»¿Õ“
0;0;0;I_SUP364;ŒŒŒ Œ¡⁄≈ƒ»Õ≈ÕÕ€≈  ¿Õƒ»“≈–€
0;0;0;I_SUP165;ŒŒŒ Œœ“»Ã¿ ¡‹ﬁ“»
0;0;0;I_SUP078;ŒŒŒ Œ–»ŒÕ √–”œœ
0;0;0;I_SUP120;ŒŒŒ œ¿–‘ﬁÃ œ–≈—“»∆
0;0;0;I_SUP012;ŒŒŒ œ≈œ—» Œ ’ŒÀƒ»Õ√—
0;0;0;I_SUP106;ŒŒŒ œ≈–»ƒ≈Œ –”—
0;0;0;I_SUP169;ŒŒŒ œ» ¬¿ƒ–Œ –”—
0;0;0;I_SUP008;ŒŒŒ œ–≈Ã»”Ã-‘”ƒ—
0;0;0;I_SUP140;ŒŒŒ œ–≈Ã‹≈– ¡‹ﬁ“» À¿…Õ
0;0;0;I_SUP158;ŒŒŒ œ–»“ﬂ∆≈Õ»≈
0;0;0;I_SUP358;ŒŒŒ –¬  –¿— ¿“
0;0;0;I_SUP138;ŒŒŒ –»ÿ›—
0;0;0;I_SUP053;ŒŒŒ —¿Ã—ŒÕ¿…“
0;0;0;I_SUP038;ŒŒŒ —  “Œ–√Œ¬Àﬂ
0;0;0;I_SUP133;ŒŒŒ —Õ¿¡—≈–¬»—
0;0;0;I_SUP102;ŒŒŒ —œŒ–““Œ¬¿–€ ¡Œ— Œ
0;0;0;I_SUP150;ŒŒŒ —“¿–“
0;0;0;I_SUP387;ŒŒŒ —“¿“”—-√–”œœ
0;0;0;I_SUP152;ŒŒŒ —“»À‹
0;0;0;I_SUP065;ŒŒŒ —“ŒÀ»◊Õ€≈ —À¿ƒŒ—“»
0;0;0;I_SUP395;ŒŒŒ —-“–≈…ƒ
0;0;0;I_SUP111;ŒŒŒ “¿…Ã“› 
0;0;0;I_SUP090;ŒŒŒ “ƒ œŒÀﬂÕ¿
0;0;0;I_SUP132;ŒŒŒ “ƒ œ–Œ≈ “ 21
0;0;0;I_SUP041;ŒŒŒ “ƒ —-¬  —¬ 
0;0;0;I_SUP372;ŒŒŒ “ŒÕ”—
0;0;0;I_SUP157;ŒŒŒ “–≈…ƒ —“¿–
0;0;0;I_SUP162;ŒŒŒ ‘.œ¿–“Õ≈–—
0;0;0;I_SUP044;ŒŒŒ ‘»–Ã¿ ÀŒ“Œ—-À≈Õƒ
0;0;0;I_SUP081;ŒŒŒ ‘»–Ã¿ —“»‘
0;0;0;I_SUP082;ŒŒŒ ‘”ƒ ƒ»“–»¡‹ﬁÿ≈Õ √–”œœ
0;0;0;I_SUP151;ŒŒŒ ’≈–œ¿ —Õ√
0;0;0;I_SUP107;ŒŒŒ ›ƒÃ»Õ—
0;0;0;I_SUP114;ŒŒŒ › —¿À»“»
0;0;0;I_SUP141;ŒŒŒ › —œ–≈—— Ã≈ƒ»¿ Ã¿– ≈“
0;0;0;I_SUP149;ŒŒŒ ›Õ—
0;0;0;I_SUP116;ŒŒŒ ›—œ≈–¿Õ—
0;0;0;I_SUP361;ŒŒŒ ›—“≈– œ¿–‘ﬁÃ
0;0;0;I_SUP142;ŒŒŒ ﬁ¬≈À»–
0;0;0;I_SUP121;ŒŒŒ ﬁÕ»ƒ∆≈À
0;0;0;I_SUP164;ŒŒŒ ﬁÕ»“Œ…— Ã— 
0;0;0;I_SUP166;ŒŒŒ ﬂÃ¿À
0;45125000;45125000;0;œ–Œ»«¬Œƒ»“≈À‹
16223952;0;0;0;–»◊                                                                                                 
15233557;0;0;0;–»ÿ›—
0;29784619;29784619;0;–Œ——»…— »≈ œŒ—“¿¬Ÿ» »
16223236;45124258;45124258;0;—00395 ŒŒŒ —-“–≈…ƒ
15922984;0;0;I_SUP139;—12345 ŒŒŒ ‘»–Ã¿ —“¿Õ¡≈¬
13527375;0;0;0;—33311 COFFEE BREND DISTRIBUTION
16222284;45121166;45121166;0;—76123 CLOUDZ TRAVEL ACCESSORIES
16222628;0;0;0;—œ≈÷. ŒÕ—»√Õ¿÷»ﬂ
15660793;0;0;0;—“¿–€≈ œŒ—“¿¬Ÿ» »
15946226;0;0;0;“¡Õ “¿…Ã - ƒ»—“–»¡”÷»ﬂ
15115887;0;0;0;“Ã’‘
9662694;0;0;0;”ƒ¿À≈ÕÕ€… Œ‘»—
0;0;0;I_SUP385;‘√”œ »«ƒ¿“÷≈Õ“– Ã¿– ¿
0;21453536;21453536;0;›—“≈– œ¿–‘ﬁÃ
